utility,composite,spearman_to_anchor,max_spearman_to_failed,mean_spearman_to_failed,rank_delta_to_anchor,full,tail20,tail10,tail5,w_v016,w_v017,w_v021,w_v023,w_v025,spearman_to_sub_calibrated_tail_cli_,spearman_to_sub_anchor_blend_utility
0.1325540716821459,0.12865624161186492,0.9296705260897887,0.9546879447620555,0.9339700202307725,0.07936871098468469,0.13956404172793174,0.1176723848382624,0.10784388190663671,0.14374125096821397,0.12330124453661942,0.5138785322475375,0.2993035651532435,0.0338752660674621,0.02964139199513739,0.9132520956994894,0.9546879447620555
0.13249907589525511,0.1284930338131181,0.9370008183960931,0.9596328853908745,0.9345917045861074,0.07557098484231593,0.1392347200195859,0.1172308992728364,0.1084385513636122,0.14402357317911696,0.14642782269545168,0.4432612806099697,0.3981344587591109,0.002907217052827306,0.009269220882640481,0.9095505237813402,0.9596328853908745
0.1324848433275264,0.1284660418866039,0.9380586841209869,0.9604417501104019,0.9356711525050705,0.07448272553667395,0.13981972651167593,0.11682427620581035,0.1075229211727929,0.14371443918687704,0.076753517894744,0.5238810250865723,0.38171220116800775,0.008767777319287136,0.008885478531388838,0.9109005548997392,0.9604417501104019
0.13246781102351804,0.12855024961869183,0.9309177595866274,0.9554853393568586,0.9346047282856523,0.07830385639965012,0.1399048675731057,0.11725285102041748,0.10713150453719505,0.14347478224089769,0.06832799088708078,0.5729744501842396,0.29870045555433467,0.031528677741824246,0.028468425632520476,0.913724117214446,0.9554853393568586
0.13245145023377264,0.12853445168893948,0.9314625556764585,0.9561396967947632,0.9353628600640813,0.07851194312495996,0.13943060623332384,0.11741149076750994,0.10796450123437165,0.14372556468535036,0.1220602547967597,0.49800871867184077,0.30859317955942667,0.011686665380282924,0.059651181591689785,0.9145860233333994,0.9561396967947632
0.13243290040478609,0.12863716750265072,0.9268575317049992,0.9524474752673308,0.9332393616263541,0.08035428224759845,0.1398579646497664,0.11760076735073104,0.10706440600838624,0.1436119230377861,0.06098946895952851,0.6069633686889314,0.29468062109141574,0.022678138122816598,0.014688403137307755,0.9140312479853775,0.9524474752673308
0.1324271201936632,0.12846553656989354,0.9329415769586777,0.956379052326136,0.9318014684733277,0.07797542381306759,0.1391562680567929,0.11751739394417174,0.10826470886801969,0.1435029143088224,0.18958218734047527,0.41266202474426006,0.30642031395866576,0.08819241522136576,0.0031430587352329954,0.9072238846205194,0.956379052326136
0.13241163309818896,0.128488826886719,0.9303709651978126,0.9546725856817829,0.9316806742877403,0.07924333847029401,0.1393883357563363,0.11758613144736876,0.10780439007173875,0.1431757785139623,0.17527365402667822,0.444907753977018,0.24217729340426805,0.1222176540179244,0.015423644574111224,0.9086887628936976,0.9546725856817829
0.13235306706408048,0.1283383539902767,0.9368807689765503,0.959203794679183,0.9337492728065351,0.07503653289502893,0.14011353247005826,0.11665313155084593,0.10671562372584983,0.1428398135461923,0.079930386870967,0.5270716241471828,0.27593419863226126,0.11651819486332987,0.0005455954862591933,0.908294750933887,0.959203794679183
0.13233879841368607,0.12843739688624228,0.9289696016666567,0.9537511510296393,0.9324850964917524,0.07936762529368732,0.14000380722331945,0.11725099161863733,0.10659492730508825,0.1427114705439411,0.09079024119787034,0.5569136446443318,0.19386980402847984,0.135946162469262,0.022480147660056026,0.9112190419538654,0.9537511510296393
0.13231732394984078,0.12884001142288692,0.9253810964919179,0.951374971840513,0.9314107721845168,0.08184888347523948,0.13925060145874538,0.11835486668012243,0.10840521268040791,0.14409998860353582,0.16979722814507733,0.4859311700144364,0.304817978640372,0.039384583742539475,6.903945757486717e-05,0.9114465725285208,0.951374971840513
0.13230153083005983,0.12832104498532398,0.9360975487725881,0.9594309454101585,0.9369368310465342,0.07578240354943631,0.13961237776969135,0.11675039342084925,0.10751723121058673,0.14342772281120103,0.08684883769470028,0.510818481844165,0.31919906981902557,0.011859908577183768,0.07127370206492535,0.9144427166829099,0.9594309454101585
0.13229954377070752,0.12836046540588844,0.9314410926755556,0.9553786626275129,0.9321386590807903,0.07903562669652706,0.1386928228643079,0.11756384048726126,0.10874148325048051,0.14368320483199432,0.21066483803716915,0.38330578647221497,0.318823469255763,0.04723872006107535,0.03996718617377735,0.9088986555340676,0.9553786626275129
0.13228452296099458,0.1283876692793113,0.929255341133306,0.9542361085994145,0.9333126299410336,0.07988351172533725,0.13932945195878868,0.11743290940623025,0.10770296581033041,0.14304098204437773,0.1611362142318137,0.4581115923806237,0.21118982781751872,0.10174912933542758,0.06781323623461619,0.9123891512826526,0.9542361085994145
0.13225863202894764,0.1283815125593736,0.9267872744911898,0.9518540906939906,0.9319455291264049,0.08002406208398946,0.14013837281845345,0.11709676415085302,0.10603254003772361,0.14285334540155117,0.02075489897713826,0.6517761448101429,0.24128224905171763,0.07860244529124337,0.007584261869757868,0.9120369675588194,0.9518540906939906
0.13225813707409628,0.12824474184643558,0.9372682649132485,0.9596998014767677,0.9354067577782244,0.07465169347787332,0.14015476990489603,0.1163717399656839,0.10650995537985442,0.14287080092549026,0.04235867663867488,0.5636390092664988,0.2913839658220771,0.07239333463520904,0.030225013637540068,0.9111137140796809,0.9596998014767677
0.13224202305999802,0.12818922696297785,0.9398238026354725,0.9613678998407118,0.9359914331917671,0.07305051854821537,0.14016464483220908,0.11609065122964296,0.10650759575348112,0.14311802056568707,0.013689024787195489,0.5821302127591073,0.35815163120985827,0.02631781499282665,0.01971131625101241,0.9106149665428226,0.9613678998407118
0.13223236214482742,0.12822030833056758,0.9369576942998782,0.9593821828745303,0.9339385454835378,0.07580483334354694,0.1389781770937444,0.1169629494930176,0.10830343991683017,0.1434572780295278,0.17361762012188353,0.3994778037591061,0.3360602354767421,0.052178609992587055,0.03866573064968132,0.9084949080925453,0.9593821828745303
0.13222405674817425,0.12819824777961852,0.937447803098152,0.9594954713293203,0.9331878567960001,0.07495314235008843,0.13992877341377022,0.11656139907127595,0.10675755392095124,0.1424824693389643,0.1130550100857719,0.47995345432270115,0.2327033562056142,0.1624876946562299,0.011800484729682923,0.90688024226268,0.9594954713293203
0.13221994479713572,0.1282871457079587,0.9326944521613307,0.9570502245489848,0.9363622398156151,0.07765321567485498,0.13968440285980363,0.11684334837038544,0.10716244252781067,0.14301793530759815,0.08876989369145104,0.5239426587463566,0.2420782916408501,0.05191372064619969,0.0932954352751425,0.9156742550822453,0.9570502245489848
0.13220893961764615,0.12826543928421402,0.9320110871086946,0.9558962571790731,0.933122652294313,0.07783295095588205,0.14000978176998863,0.11686108587263794,0.10645821433231838,0.1423397957608,0.09879962959975717,0.5255968895099927,0.17088571243784756,0.16643020460521418,0.03828756384718854,0.9103490474095529,0.9558962571790731
0.1322045335097241,0.12818110313809067,0.9388952989569522,0.9612635030619964,0.9370500587423727,0.07424388573387296,0.13957988366717433,0.11643979684785463,0.10743433687567044,0.14323065902155277,0.08993341056640083,0.48930979464350344,0.32097896068528625,0.02988656134710181,0.06989127275770779,0.9128366144227489,0.9612635030619964
0.1321983654126365,0.12836447123852418,0.9271884860267576,0.9527445819190904,0.9338865375245851,0.08017682689625745,0.139960821728256,0.11713163828914783,0.1064313120775052,0.14277913162438843,0.055418626198026566,0.6014719144634925,0.1976982366757916,0.08428075899544121,0.06113046366724812,0.9150284931300798,0.9527445819190904
0.13218682577763274,0.12878144867596342,0.924646592246307,0.9509070113115624,0.9316404638324712,0.08215021643802267,0.13935463900029657,0.1182503993706675,0.10808318399543776,0.14384263715314033,0.15684021346745478,0.5035260392807854,0.26906609618755534,0.056144117462929154,0.014423533601275474,0.91237391635338,0.9509070113115624
0.13218585453177775,0.12830278609738835,0.929183012131721,0.9533271211396015,0.9295216901837087,0.08019261678016405,0.13888283484596659,0.11762232557666377,0.10813846788931167,0.1429804256030751,0.2273836009767069,0.379082434554551,0.22595697023549785,0.14982397169607511,0.0177530225371691,0.9057162592278158,0.9533271211396015
0.13218223583439243,0.1282628997227235,0.9310622431413629,0.9555947466092934,0.9356961391214409,0.07799022229979137,0.14002991558445554,0.11667341609508243,0.1063804592662427,0.1429034399125738,0.023956504119390376,0.6138015810621966,0.2530087531152826,0.03747866931729259,0.07175449238583764,0.9157975316335882,0.9555947466092934
0.1321782068423395,0.1282791078772811,0.9299065292977897,0.9549209853454758,0.9355510193348824,0.07884936137892928,0.139915922631165,0.11685149843624935,0.1065651659593064,0.14276718268486088,0.05598790040397208,0.5803242100471501,0.2082926084560541,0.06769816937532061,0.08769711171750329,0.916181053324289,0.9549209853454758
0.1321701655277404,0.12828382194947996,0.9269919306178183,0.9519457997787735,0.9315975115857078,0.07996231112005507,0.14020227586589132,0.11696597138875868,0.10575920116449446,0.14239126218527098,0.03283705206304656,0.6343942962270746,0.18195393016944894,0.1341472088074375,0.016667512732992527,0.9112492233926421,0.9519457997787735
0.1321646608741911,0.1283878979377096,0.926650280843845,0.952092246750126,0.9323292635457618,0.08046614745274666,0.14001295115502221,0.11725414025387097,0.1063162268440299,0.14258393815183817,0.07246194339184908,0.5887922025959748,0.17055733162015813,0.13279216666775137,0.03539635572426662,0.9125662803413978,0.952092246750126
0.1321595146296726,0.12878829295479022,0.9248038470085999,0.9507827038463935,0.9304784040373636,0.08236715927513409,0.13897283407722613,0.11844068643911874,0.10872376580271814,0.14409746817895122,0.20301874063323094,0.4444065474877608,0.30186500388611354,0.04783170819590325,0.0028779997969914967,0.9101741042283337,0.9507827038463935
0.13215003247870316,0.12849263139505865,0.9257883288546365,0.9516277583099273,0.9326424453527671,0.08098178838484973,0.13990092026769296,0.1174746136731673,0.10666125821505983,0.14295644440387656,0.07632463512191136,0.5899699110175876,0.20235564094636285,0.09550933336355513,0.03584047955058321,0.9136571323956068,0.9516277583099273
0.1321459912230176,0.12814288551548367,0.9364825182005063,0.9591260809827933,0.935668689058667,0.07494613284735717,0.1402241682338528,0.11618171068861809,0.10614863344058403,0.14265201587576873,0.019104341923622696,0.5913034537902794,0.2712729003174597,0.07164337644436683,0.046675927524271285,0.9122112971345407,0.9591260809827933
0.13214411026992948,0.12824103066386594,0.9288460487486756,0.9535510700046707,0.9322162047695481,0.07941750179073391,0.14004863578773943,0.1169710609072321,0.1061186056954909,0.1421003543288993,0.09021299502811793,0.5525968948634646,0.12591977568794582,0.1888928867698086,0.04237744765066295,0.9108813395344255,0.9535510700046707
0.1321401248512223,0.12810865763381005,0.937285511444073,0.9591175227710096,0.9337933264165879,0.0743187390560686,0.14043629013100276,0.11603468999788943,0.10573736809988174,0.1424131486050969,0.007656722723560132,0.6042022612178605,0.2708748964212924,0.11098682768495254,0.0062792919523344285,0.908469130062166,0.9591175227710096
0.1321322160149881,0.1280322196284516,0.9428458481523598,0.9633202766265377,0.9347696917943873,0.07208223496574895,0.1394675943401785,0.11619535693144062,0.10744135691061138,0.14296991559347372,0.12115668422166084,0.4330738156289637,0.3358156369515472,0.08989394619624116,0.020059917001587085,0.9062191069622367,0.9633202766265377
0.1321209864618499,0.1286125117585236,0.9254233499276358,0.9510886617305624,0.930183712295594,0.08174341346112053,0.13945956133825924,0.11800927381844381,0.10759160785194283,0.14314185832982373,0.1722212660691702,0.4800710666010935,0.19927491903818098,0.14326712961769622,0.005165618673859104,0.9092787628606258,0.9510886617305624
0.13211703276301975,0.12829489379000392,0.9277113488415664,0.9528176123545894,0.9317938721577996,0.08031614932900644,0.13978408069362824,0.11725461818324052,0.10660537248790646,0.1422486614971308,0.12982779409662265,0.5098892645085655,0.12059578382341282,0.19122863332842846,0.0484585242429705,0.91077013196101,0.9528176123545894
0.13211563241015994,0.12837273145312966,0.9256998058302802,0.9510784795142225,0.9316062174277191,0.08062118930801442,0.14010768318880362,0.1171700411514324,0.1059886972509499,0.14274957085095824,0.027447408620217977,0.649414583703959,0.2177301677970832,0.09391459720891941,0.011493242669820542,0.9121339553412156,0.9510784795142225
0.13211506176855703,0.1281701306428159,0.9331643425279483,0.9571940287579025,0.9354729490716436,0.07779161601160973,0.13927391697492958,0.11687375788371437,0.10762142571624622,0.1429152678154636,0.14159309390679412,0.4510736009849392,0.22865095089742074,0.07605833894143293,0.10262401526941288,0.9137518693853846,0.9571940287579025
0.13210117811355387,0.1281781869793722,0.931920826360973,0.956474592948412,0.9366918931066298,0.07781349919993298,0.13987583223159794,0.11658612978309885,0.10658139164181324,0.14271014793951495,0.05139144655037975,0.5697551820672685,0.2149546781328655,0.05626341294685807,0.10763528030262816,0.9169091932648477,0.956474592948412
0.1320988854742516,0.12814310904390538,0.9319426530702928,0.9554072142371346,0.9317534272249326,0.07760402573953877,0.14024871460298408,0.11660950476203774,0.10575821174537345,0.1418460428214522,0.0755336893121658,0.5549536713124781,0.13416940941174343,0.21666662052546612,0.018676609438146467,0.9080996402127306,0.9554072142371346
0.13207677592998818,0.12809052486399697,0.9359774853900276,0.9590986974219919,0.9362235534484834,0.07566518398321771,0.13993266207038213,0.11631560198786181,0.1065376213470676,0.14245503133906315,0.07017137739675322,0.5276068917258359,0.21357030031929872,0.10404281067067275,0.08460861988743947,0.9133484094749749,0.9590986974219919
0.13207018624581263,0.12809651653042897,0.9348631818296851,0.9582180549551774,0.9364589445493144,0.07587993483098543,0.14012890156797422,0.11619158091739323,0.1061363761510857,0.14260580126959746,0.014890258181300195,0.6000008303650471,0.25016909225246936,0.056643453557435476,0.0782963656437478,0.9146998341434515,0.9582180549551774
0.13206470623626448,0.1279068603233916,0.9468535933023171,0.9660676617569407,0.9367972922887641,0.06911117010593958,0.13984879097423678,0.11546845897716942,0.10678994096279329,0.14315875547415224,0.0223571332997401,0.5255106549472557,0.42037313697672224,0.014339810004400407,0.01741926477188171,0.9075269228205874,0.9660676617569407
0.13206258573721938,0.12815069198512424,0.9312278329985471,0.9560360134284676,0.9373672013741942,0.07803497489415966,0.13984546118154975,0.11650540504944931,0.10651571496112316,0.1429125569442359,0.020858787803162106,0.6068351065099711,0.24861824155460505,0.005479572332888658,0.11820829179937314,0.9186983893199208,0.9560360134284676
0.13204520130264785,0.12859547625350684,0.9235937713638467,0.9499311101620826,0.9322715597973199,0.08189061821865576,0.13979757828519215,0.11769541715781245,0.1068008923826127,0.14357807020434726,0.04070747627613248,0.6475465981421253,0.2859646230736866,0.011883478942377986,0.013897823565677609,0.9146120094325573,0.9499311101620826
0.1320396863625126,0.12792575129762868,0.9428109110877637,0.962814894106261,0.9329585978341801,0.0725041413200749,0.13851312484361633,0.11647024659580149,0.10861897444710379,0.1436092497219529,0.18468738593889888,0.3496922733659875,0.4322033760009739,0.030534336532516793,0.002882628161622976,0.9031023015620993,0.962814894106261
0.1320371783271828,0.12803287235188987,0.9363820716532787,0.9589688844190606,0.9342504920135339,0.07552764910677733,0.1399476584217684,0.11631831594879247,0.1063716539186203,0.14205183189663312,0.09892432632402569,0.4941462503753067,0.1722936373491496,0.1770035367188526,0.05763224923266524,0.9095320996080072,0.9589688844190606
0.13201501723525721,0.12800903621852472,0.9375265586495335,0.9602482845333724,0.936701625307394,0.07504635692379,0.1396561354141704,0.1162423156606655,0.1069160889647931,0.14253667239229406,0.09384604672135254,0.48573534886829306,0.22801594841308376,0.09367712330804472,0.09872553268922606,0.9131549660814156,0.9602482845333724
0.13201354464394877,0.12811603761706422,0.9293074604224195,0.9542751362633389,0.9338258015344337,0.07984661988847948,0.13938091374039238,0.11699204269936339,0.10710772508631836,0.1423085486113087,0.15077607296967543,0.4596928748559053,0.13006022420609373,0.14908652455607113,0.11038430341225437,0.9133764668055285,0.9542751362633389
0.13200195021452674,0.12808124289125986,0.9300900618481925,0.9544148280473285,0.9329352993858988,0.07860942701098766,0.14017017487035144,0.11657924946777048,0.10568911188673671,0.14177522576260024,0.06446932863411368,0.5715826706955468,0.10820704043296375,0.1957949047996645,0.05994605543771141,0.9114557707244691,0.9544148280473285
0.13199876923584397,0.12802112857670425,0.9329215972899082,0.9558205082002353,0.9299880971576062,0.07782003487866322,0.13949636354557904,0.11683222269026575,0.10676130294486902,0.14183902732383585,0.18008964949093767,0.4172372292083386,0.12879804144029566,0.2540236938939424,0.01985138596648561,0.9041556861149772,0.9558205082002353
0.13199244570593277,0.12793430164684452,0.9389345961594745,0.9601522268831114,0.932156635993185,0.07416951970918294,0.1398827841496317,0.11617557906668377,0.10634069751262018,0.14183270432612094,0.12350240331552781,0.4535837508756347,0.1796284192030727,0.22823995103890043,0.015045475566864308,0.9041610451032587,0.9601522268831114
0.1319911173067503,0.1280717622253897,0.9298222084866566,0.9529618243235973,0.9271574132581025,0.08017783742982228,0.13786195726650838,0.11763714404721064,0.10924768044268111,0.14355586174895596,0.2848662745072809,0.2919384702501669,0.3434724304807913,0.07848709181591802,0.0012357329458427568,0.9013530021926077,0.9529618243235973
0.13198976569075552,0.1280583901761669,0.9324136526636304,0.9567700776212819,0.9361189322114181,0.07800581840970192,0.13953633657100453,0.11660559758334209,0.10695487386718167,0.14242128364134984,0.1107681803499849,0.4888201412384055,0.16754365669745425,0.10489812814571352,0.1279698935684418,0.9154677868015544,0.9567700776212819
0.13197959528420095,0.12883645814189196,0.9231297011567842,0.9494850679841217,0.9297470430202569,0.083409251793274,0.13861720367825892,0.1187177113300143,0.10928613881678001,0.14450482265154166,0.22670211681075303,0.42168437230651207,0.3411370127985342,0.009427791221869786,0.001048706862330899,0.9100090180563921,0.9494850679841217
0.1319795257015031,0.12838192092509454,0.9266029333020729,0.9520499235293379,0.9313104853373895,0.0813600009164193,0.13923238145505523,0.1176586595589238,0.10764993449392159,0.14282261228554302,0.18633490120981042,0.442707736097507,0.16943484672245643,0.14617300702704117,0.055349508943184834,0.9105710471454411,0.9520499235293379
0.1319643688960775,0.12859597245370183,0.9246541210069611,0.9513593265999536,0.9342213554064962,0.08226858997434691,0.13919130381784214,0.11790771843792307,0.1080898547689729,0.14374091988949989,0.13917325931928334,0.5083491039191007,0.2522697513411432,0.01082849272735077,0.08937939269312209,0.9170833842130389,0.9513593265999536
0.13196382947362545,0.12789929892786223,0.9385497173494665,0.9594903187156034,0.930466131559755,0.07506838297546035,0.1385423626343169,0.11670302920050155,0.10830231598627577,0.1429897958432777,0.22024754385002834,0.32877825200169114,0.3293699127138399,0.11763143319167976,0.003972858242760985,0.9014419444039066,0.9594903187156034
0.13195324467688882,0.12802402252030556,0.9315477778208601,0.9558316689048952,0.9344066728557412,0.0788574263246055,0.1390378368841365,0.11685565718971336,0.10761730396934158,0.14257703170128877,0.1684869963315417,0.41935382969615975,0.18146136003988578,0.10976273768949012,0.12093507624292275,0.912981676806587,0.9558316689048952
0.13192490061598255,0.1279813235401906,0.9304267971554855,0.9540453608216675,0.9306220632397326,0.07830660325429507,0.14030196155643346,0.11644863004112291,0.10520216218596443,0.14130527499563997,0.06709566180853219,0.5700774859972374,0.07411811544024505,0.26614636255161184,0.022562374202373513,0.9071987656577978,0.9540453608216675
0.13191840429545637,0.12808952044266575,0.9284561182856468,0.9543266322897217,0.937427909865889,0.08018640659257685,0.1393152590135993,0.1167936608865041,0.10720150322699337,0.1427933013654582,0.09191332127914568,0.5226621846095435,0.17923066999541534,0.02736809896593051,0.17882572514996492,0.9205291874420563,0.9543266322897217
0.1319173527510608,0.12772038724110443,0.9487609258892887,0.9669888965389579,0.9349344930774193,0.06848500731370111,0.13924452643133411,0.11551080817731532,0.10738790136914884,0.14298922688437157,0.09999024858821684,0.41882572339975116,0.40859364439437734,0.06706349071510762,0.005526892902547054,0.9028800896158807,0.9669888965389579
0.1319134466313788,0.12777233689075926,0.9463204950214911,0.9660035861710877,0.9373611549683858,0.07005080952860958,0.13907223975298125,0.11569289333145648,0.10770247255297297,0.14326590119534807,0.09510171871089704,0.43223052137965506,0.40410915733894054,0.007033972918970565,0.061524629651536704,0.908718723765684,0.9660035861710877
0.13190787431972303,0.12780405193033306,0.9434936882987816,0.9639485567022459,0.9369997471750017,0.07109091546792429,0.14005723034356846,0.11540735565672536,0.1061347462466608,0.1423587964171052,0.022661609213052398,0.5387305525180397,0.2895442733276478,0.08553855663934774,0.06352500830191216,0.9100509376477575,0.9639485567022459
0.13188966395405827,0.12791988265808055,0.9324958991937062,0.955585839193399,0.9304572899646957,0.07839112152673867,0.13895244428443618,0.11686937030263432,0.10744867401771323,0.14213170536636988,0.21185535714912385,0.3691336232112235,0.16136638816104254,0.2039857934327577,0.053658838045852364,0.9053287407359923,0.955585839193399
0.13188624719912118,0.12772920101593735,0.9457926968940146,0.9648566069368897,0.9337819728003992,0.0706492492142477,0.1386050598095678,0.1159818720431244,0.10821930370423304,0.14329466933059565,0.16086515862470516,0.3578888155598992,0.42228787525802575,0.04542853301589226,0.013529617541477756,0.9027073386639087,0.9648566069368897
0.13188481390884577,0.12797323447898634,0.9284360715148925,0.9527894357720604,0.9302832477047727,0.07967667934808784,0.14002240644204406,0.1167124057014781,0.1055232450461735,0.1412094311269706,0.10955862194677769,0.5271374286644274,0.03047922633164675,0.28994070311251996,0.04288401994462826,0.907777059637485,0.9527894357720604
0.13188302300329122,0.12829615451726498,0.9272824398131454,0.9522991010080879,0.9311912694630287,0.08149521938595607,0.13822706157159334,0.11780381538369483,0.109151690259745,0.14380078655977763,0.23823142646899176,0.36003960429174847,0.307705244839794,0.02242113116986676,0.07160259322959919,0.9100834379179693,0.9522991010080879
0.13188079123051746,0.12788345227294995,0.9374612229547398,0.9604601281949467,0.9390587044981036,0.07465576392651972,0.13981051502043432,0.11580107785610444,0.10642165311650566,0.14265149189447304,0.014821640445284098,0.5721822105308999,0.2644613884838674,0.01195978470303892,0.13657497583690972,0.9176572808012605,0.9604601281949467
0.13188071739154414,0.12772240147972055,0.9465096382736782,0.9656507142585058,0.9352006424431727,0.07006777086848227,0.13895280888870615,0.11575296081950685,0.10775024831808132,0.14305211986238509,0.12850982066655756,0.3930008654398975,0.38918832918387664,0.056790288286459246,0.032510696423209064,0.9047505706278396,0.9656507142585058
0.13187418281924418,0.12785536279174187,0.938249151374768,0.9606633423538194,0.9367002172923292,0.07508278743641272,0.138919408192793,0.11627265575657202,0.10780138104833227,0.14289625220763563,0.14039994684056903,0.4137573410571316,0.27750039909213603,0.046991028822615515,0.12135128418754777,0.912737092230839,0.9606633423538194
0.13186730283052062,0.12807523135003812,0.9285978862155293,0.9523208418167204,0.9273999818478871,0.08069614641279722,0.13843075820223685,0.11752791587815248,0.1083158415361942,0.1427563916515666,0.2647333562517966,0.32756876550746994,0.22056547226950862,0.1715910573822854,0.015541348588939317,0.9024791218790538,0.9523208418167204
0.13186545781424028,0.12791523530115398,0.9327080567336966,0.956485315753103,0.9345997260625897,0.07851269973372133,0.13829975138507622,0.11686783435807649,0.10861407706678633,0.14327885310428778,0.19538967952166061,0.3688696373998836,0.28707472449280824,0.016318504348752844,0.13234745423689465,0.9127141363720763,0.956485315753103
0.1318635546058823,0.12774856263185297,0.9425025454066601,0.9624199038401254,0.9332394448701017,0.07160299403579021,0.14034592354642703,0.11539918601456546,0.10544173953520136,0.14156880301310973,0.041789677391651736,0.527457446238145,0.20483997867158385,0.21222803304768123,0.013684864650938319,0.9040589859000779,0.9624199038401254
0.13186298058348514,0.12782018448613336,0.9387302068294028,0.9604253713892443,0.9344225312641098,0.07502561048904394,0.13835603376983924,0.1164909313520679,0.10854678641869597,0.14330671921280927,0.18821294554588258,0.35313210182350024,0.3499355479607194,0.026493442159704894,0.08222596251019286,0.9084196911389752,0.9604253713892443
0.13185750897308807,0.12793220008727735,0.9304661007543079,0.9547001546863355,0.9326273017699065,0.0788747205518916,0.1398156330083664,0.11656678891099029,0.1060137274190911,0.14143069447351703,0.12177448432394593,0.4928686896901358,0.05445693150734759,0.24325554532558538,0.0876443491529854,0.9105544488534775,0.9547001546863355
0.1318546836181536,0.1278074092898464,0.9385268333328344,0.960038827944733,0.9332161392088266,0.07513859500334459,0.13841987772076675,0.1165086230395222,0.10838801167065486,0.143076756530465,0.1996920559306887,0.34297377118011707,0.32619769654314684,0.06601654427343563,0.06511993207261176,0.9063934504729202,0.960038827944733
0.13183720705839247,0.127747557767957,0.9434267457159121,0.9643428936540489,0.938788692944343,0.0713617391677119,0.1396939913096743,0.11543488327402143,0.10661709203254206,0.14262232891515786,0.03488584549416326,0.5169313518285186,0.30565375696008784,0.036281458623074296,0.10624758709415602,0.9132344922346372,0.9643428936540489
0.13183668310341498,0.12794007178634767,0.9295905792716875,0.9546352985813924,0.9355304748411153,0.07913960201487594,0.13988924879192366,0.11640508880830293,0.1059475650591769,0.1417624842861461,0.06738980084394466,0.5553347988607598,0.08704015775096612,0.15210893979653625,0.13812630274779322,0.9164256511008382,0.9546352985813924
0.13183640647664852,0.127767239281525,0.9402618746065354,0.9613332805368412,0.9350052901618093,0.07279438317146841,0.14035522256432195,0.11544119649412929,0.10538857673986161,0.14166743668362095,0.01837056968673076,0.5635415589675977,0.19522692717279025,0.1683981052262041,0.05446283894667721,0.9086772997867776,0.9613332805368412
0.13183412195693556,0.12837303037871883,0.9261072945698284,0.9509403944634712,0.9284125845397321,0.08212225948911575,0.13813075253362384,0.1181043092399757,0.109306633264775,0.14386903976879167,0.2685125556782226,0.3372114063777577,0.32090914570911383,0.05326510113926703,0.020101791095638803,0.9058847746159929,0.9509403944634712
0.1318317111513649,0.12784132782778218,0.9338116104132981,0.9564341013627565,0.9324184574024491,0.07618476578766407,0.14050352926330664,0.11583833712876905,0.10485056791129745,0.1413565333396885,0.00881362407586605,0.6146371371559963,0.12973468654452253,0.2105333843725928,0.03628116785102224,0.9084028134421417,0.9564341013627565
0.1318293515172178,0.1276342542916492,0.9490926545731874,0.9674381894830992,0.9368131020611291,0.06781364646582197,0.13975120135143865,0.1150104021841496,0.1064951590818169,0.14268819165984392,0.023537803126970645,0.503753934299179,0.3861233487307358,0.05217560461166417,0.034409309231450295,0.906188014639159,0.9674381894830992
0.13182516088781787,0.12773844349928362,0.9428053422532814,0.9637156530110198,0.9375766492098887,0.07176931161915658,0.13981009682028747,0.11547587599972456,0.10638060736319437,0.1422404602575773,0.05171718807897608,0.5027696162554035,0.25368099604720895,0.09639015565200489,0.09544204396640653,0.9114376454087577,0.9637156530110198
0.1318235145872598,0.12768306613376113,0.9454535606212094,0.9650142056081215,0.9358755197146168,0.07014498268933483,0.13991097081716794,0.11528760732419852,0.10619242905532672,0.14207982710476985,0.05487765825316573,0.48881947151831734,0.2692967174517898,0.1366549259178576,0.05035122685886945,0.9067368338211121,0.9650142056081215
0.1318209181967935,0.12784243237365525,0.9313228898780664,0.9539271774198028,0.9274866193897702,0.07938793918818977,0.1378018210809768,0.1172466340239647,0.10896045383095128,0.14313554605383583,0.2812819985719069,0.280534401219406,0.3129894155562996,0.1023230919403041,0.02287109271208345,0.9010460613597374,0.9539271774198028
0.13181559140392282,0.1276783329553203,0.9448354898579553,0.9643994565475307,0.9346391976044592,0.07130361108483733,0.13839580918549046,0.11599857719006644,0.10841277270320737,0.1433872975934855,0.1639592486081066,0.3533016220383659,0.4223846301013805,0.0176660602246853,0.042688439027461715,0.9048789386613877,0.9643994565475307
0.1318109636993919,0.12774537303228434,0.9397455505403749,0.9608501200601848,0.9332226105172303,0.07434912084216931,0.13867978001444486,0.11628190495126241,0.10791482282574075,0.14267677116544317,0.18706344368205577,0.3536330553395108,0.2874645308204335,0.11009274812400383,0.06174622203399619,0.9055951009742759,0.9608501200601848
0.13180844822408683,0.12771746192456299,0.9419675381176293,0.9625959178197737,0.9358678710435302,0.07179756614536456,0.14029763600022135,0.11526319688565533,0.10548436724332985,0.141819115722673,0.00746418336138485,0.5643300432153369,0.22849589738181833,0.13842582493057778,0.06128405111088212,0.9091398242672866,0.9625959178197737
0.13179763584374,0.1277427427630247,0.9415027062043034,0.9632567212145108,0.9393023486728393,0.07282674661245336,0.1392873018824507,0.11568751033598311,0.10717577978332415,0.14280836847628306,0.06912668868391693,0.47980463968185405,0.29760396691499724,0.01279874449892114,0.1406659602203106,0.915347976131168,0.9632567212145108
0.13178800758110681,0.12791184929252436,0.9265391963218874,0.951407207144009,0.9314381475977742,0.08005248684181664,0.14028465866731982,0.11638550486617813,0.10484111845001788,0.14141933664874307,0.010466926421302617,0.6516611997116754,0.08521223150162957,0.1974166433911051,0.05524299897428731,0.9114690880515396,0.951407207144009
0.13178569425999803,0.12866472331964837,0.9219623997876282,0.9488166522384058,0.9304919892869813,0.08341606742532592,0.13945528971537743,0.1182038114161992,0.10748172088603083,0.14326441389964134,0.15051183682608546,0.5236444610673301,0.18625112962941096,0.11626161045647986,0.023330962020693773,0.9121673263355567,0.9488166522384058
0.13178287733562766,0.12778009540911264,0.9338544389531332,0.956070781228155,0.9303934499836836,0.07629023685148713,0.14048565032247506,0.1158847698027819,0.10469515820583018,0.14091848092289763,0.042057315067384554,0.5775695507799138,0.07655002330887956,0.2912010482383431,0.012622062605479071,0.9047161187392121,0.956070781228155
0.13177862193179216,0.12769401104371342,0.9413594761700205,0.9620990259290662,0.9340691737589126,0.07324735761119942,0.13905190722374375,0.11597313421191438,0.10732661449691631,0.14229720354916953,0.15702525122962047,0.3829710982096266,0.25066058159787,0.14250047547214692,0.06684259349073599,0.9060393215887591,0.9620990259290662
0.1317749378353555,0.12777643068530892,0.9339388659180813,0.9563117719028754,0.9298957354955038,0.0769130850165625,0.13991385912706764,0.1162599226935742,0.10561123498152283,0.140955320228278,0.13463794559344602,0.46425053311199027,0.04939987635584416,0.3249116973800017,0.0267999475587178,0.9034796990881321,0.9563117719028754
0.13176838624648507,0.12818882321128858,0.9262139280020711,0.952766172334749,0.9371526750656256,0.08127469637416751,0.1393413541150262,0.11701502296070901,0.10720460477441086,0.14300016255152448,0.07957474225298021,0.552314774647336,0.19014430517377123,0.004613215996322444,0.17335296192958977,0.9215391777965021,0.952766172334749
0.13176425316196824,0.1281763112175625,0.9259823091035078,0.9525367867292552,0.9369487091463008,0.08122667636169692,0.1394881677841483,0.11694918600294912,0.10689912210349539,0.14287011598286722,0.062439829312902706,0.5766250215524095,0.18120112012533177,0.014524077009682813,0.16520995199967348,0.9213606315633464,0.9525367867292552
0.13176200215554723,0.12779509048945592,0.9313567178563917,0.9543524486294137,0.9288621922662362,0.0792413242469588,0.13839242069276303,0.11696187259889432,0.1079915681409368,0.14231204176903756,0.2503392979523296,0.31967235642059166,0.19379277837069875,0.18231700603891274,0.05387856121746719,0.9033719359030588,0.9543524486294137
0.13175838450941385,0.12825847796294618,0.9264599288587015,0.9507128984926917,0.9268673343000978,0.08202402004403077,0.13774996896295613,0.11808391654506056,0.10964129104090758,0.14399623309961607,0.29288573405615514,0.3014672995669821,0.36272996137627955,0.04041940627996438,0.0024975987206188152,0.903021770107504,0.9507128984926917
0.13175771580150708,0.1282304199275176,0.9260057454108591,0.95124997966623,0.9296787737137799,0.08172702912701851,0.1391564033759734,0.11756183651212912,0.10738412148112005,0.14233869232522817,0.20560362042739466,0.41995965128363655,0.1190584263629286,0.20543246872614623,0.04994583319989396,0.9081075677613298,0.95124997966623
0.13175613239842204,0.12780796793066956,0.9298451309758153,0.9532138372133692,0.9278288619372905,0.07938781844459422,0.13954693405406182,0.11672922888845172,0.10597280069613066,0.14097158835386603,0.1820561823112532,0.42834136832675707,0.020123964240063782,0.3468195276325955,0.022658957489330438,0.9024438866612119,0.9532138372133692
0.13174300538594053,0.12763603949821525,0.9417962658159569,0.9618634471944404,0.9321863901596452,0.07244375771313467,0.13994764613987618,0.11556205530209551,0.10576625793219913,0.1412604345481245,0.10367540714035477,0.45436254213655647,0.150440659044365,0.2663606966869294,0.02516069499179432,0.9025093331248502,0.9618634471944404
0.13174240594524333,0.12839436985547556,0.9228311131511845,0.9495481922923197,0.9330219184799134,0.08232303550877056,0.13980446658725168,0.11740962500062324,0.10640049990730509,0.1429939740492957,0.03839316285893634,0.644533736089638,0.20640704418291256,0.0483004360810401,0.06236562078747298,0.9164956446675072,0.9495481922923197
0.1317414780177632,0.12781375051282365,0.9290318547334993,0.9529462470244303,0.9289918482387318,0.07985453403587427,0.1395289291819836,0.11673559304752375,0.10602275282242946,0.14101641543309473,0.17561746486253393,0.43674104064886704,0.010715307793814053,0.32589550056467675,0.05103068613010817,0.9050374494530334,0.9529462470244303
0.1317399592494959,0.12783750791734808,0.9297928097829652,0.9546765670085312,0.9349501770801745,0.07980969052470004,0.13903433346491756,0.11661842751747567,0.1071940650371331,0.14207419847322506,0.15709851520491472,0.43137907473111187,0.11051858520753971,0.1319494086371117,0.1690544162193222,0.9152237871518178,0.9546765670085312
0.13173569114895964,0.12768930148425933,0.9376021737017287,0.9589895471620061,0.9316876095717643,0.07462102823022934,0.1401933679809327,0.11574033170735923,0.10524625239094637,0.14093248521989887,0.08582801625464147,0.5004196140273136,0.08227002741601529,0.2964235407527653,0.03505880154926415,0.9043856719815226,0.9589895471620061
0.13173084404058913,0.1275526441167805,0.9463422641579572,0.9647926440573295,0.9324388419759342,0.07042576566396991,0.13817711597525306,0.11589719652057029,0.10847939273366732,0.14331874061695443,0.18365824096778086,0.32164732787120587,0.44981733428434545,0.04097952329435322,0.003897573582314358,0.900085039894539,0.9647926440573295
0.1317280394786505,0.12766339099731847,0.939329316746525,0.9603959201598783,0.9323541121219105,0.0744012100394978,0.1391831104834394,0.11604350409341524,0.10692239851770705,0.14179580274090098,0.16975077803676428,0.38048579762272766,0.18131099418013313,0.21130454821466566,0.05714788194570931,0.9043123040839427,0.9603959201598783
0.13172459366574102,0.127779991948345,0.9309017997788427,0.9545653758287832,0.9310275506458348,0.07854740869018086,0.1399006655757922,0.11636124889211742,0.10551296622329456,0.14089372838109077,0.12298327589078241,0.4898369176172164,0.01052225160620106,0.3083308605086744,0.06832669437712574,0.9074897254628863,0.9545653758287832
0.13172089947339022,0.12775768649587796,0.9352493556589071,0.9590171490183164,0.9394195686786805,0.07595571176157793,0.13973222577870956,0.11572009094181125,0.10620329021819576,0.1423166408018591,0.013410442692295998,0.5770862911621379,0.20708356263147443,0.024381713782979108,0.17803798973111243,0.9198219883390446,0.9590171490183164
0.1317186036992037,0.12775191419398707,0.9315091240509187,0.954537661218851,0.9311500332923288,0.0773445022494356,0.14051665485781778,0.11583149994960475,0.10445765221544022,0.14101321690771584,0.0026095002509982177,0.6330052109053048,0.08687071387435472,0.24287559699855923,0.03463897797078305,0.9077624053658068,0.954537661218851
0.13171362223184174,0.12786473764169093,0.9292803905576403,0.9543233094918999,0.9350622441951996,0.08023114897304798,0.13875131523490705,0.11675600479016868,0.10769078902152895,0.14246225995702805,0.17017935651468735,0.41398501958921197,0.1523615136947687,0.08662681858805822,0.17684729161327378,0.9158011788984992,0.9543233094918999
0.13170756556476784,0.12851365141240453,0.9225249933006668,0.9490311742906931,0.9298923137434102,0.08311762692219618,0.1395266729887873,0.11796977949905718,0.10708536495827874,0.1427290997399127,0.15572415350493193,0.5118324009246948,0.1325196580218516,0.17256807449124778,0.027355713057273995,0.9107534531961273,0.9490311742906931
0.1317049909891997,0.12763314059630954,0.9384553285069095,0.9591362034950563,0.9310637913960044,0.07371596761452213,0.14054854157020116,0.1153777418162826,0.10459445721081626,0.1408380576321179,0.028044009874842433,0.5648044124738059,0.11052342225587068,0.28661247170749454,0.010015683687986355,0.9029913792969524,0.9591362034950563
0.13170106182095329,0.12775649103769177,0.9341364063947581,0.9583401146851669,0.9392890369372968,0.07692996890622791,0.13945432307700106,0.11592298696753764,0.10662668122052708,0.14231147379700917,0.05476124236122663,0.5288501177305217,0.17924481630560338,0.03729738759276296,0.19984643600988533,0.9202379591894269,0.9583401146851669
0.1316871235801409,0.12786165996605697,0.9273842876428916,0.9532768539786457,0.9368617674832536,0.08017340417028965,0.13979961947260833,0.11628758205946257,0.10582507508678796,0.14191795322526268,0.027539324575537778,0.6054759430137756,0.10269650267709615,0.08463937838761315,0.17964885134597733,0.9204466809878614,0.9532768539786457
0.13167978109778117,0.12774401418766088,0.929160641656273,0.9528285182616415,0.9296379866889659,0.07884791630930185,0.1403381011138224,0.11615709868866118,0.10453038101126681,0.14065181928152423,0.05235718937853662,0.5886302948131675,0.008390080499959823,0.3165946179727696,0.03402781733556662,0.9064474551162904,0.9528285182616415
0.13167500581829758,0.12755678958094946,0.9427638326574491,0.9626172635220862,0.9337443952252041,0.07141615430215227,0.14034375405851052,0.11508142830155738,0.10507631128794037,0.14116225070961433,0.03011883420680936,0.5328902970794747,0.16427707774656847,0.231669000019466,0.04104479094768155,0.9048715269283221,0.9626172635220862
0.13167023497450275,0.12784744581527524,0.9292004118688412,0.9521728481377957,0.9265618272329659,0.08067019906024031,0.1371762457534151,0.11754100077893652,0.10981253763439416,0.1438395434739833,0.3046856821153058,0.25596927981499856,0.4005635493204003,0.017493036432762024,0.021288452316533302,0.900950806328136,0.9521728481377957
0.13166755995276944,0.12747887500538224,0.9481044900152308,0.9664990734381953,0.9357548473672441,0.06834667140253563,0.14000075644545004,0.11476592559677434,0.1057490745040714,0.14186395750286707,0.021191949623194054,0.5090682789032136,0.28640039147624735,0.1389677696444706,0.04437161035287451,0.905010621296293,0.9664990734381953
0.13166738233884398,0.12778396534130998,0.929502933570213,0.954972855914115,0.9386657338602582,0.07905333778064876,0.1396737309814186,0.11601813296630217,0.1060215280450556,0.14222117303022627,0.005824112035377295,0.6131219733065298,0.15990619828324668,0.018329791968697762,0.20281792440614854,0.9223586118064016,0.954972855914115
0.1316670481829935,0.12792701202855714,0.9270094819052697,0.9527262031765588,0.9345309793722154,0.0806175480847566,0.13977788982662548,0.11659529618661228,0.10593690625318544,0.1415783681261416,0.08677289075940049,0.5442413049124273,0.0431089319908481,0.18059735064900917,0.14527952168831498,0.9163357555678722,0.9527262031765588
0.1316668237539194,0.12771096467867166,0.9308544134788886,0.9541348465504457,0.931261013891326,0.07771569313761727,0.14048293902671505,0.1158209443686388,0.10439025090360864,0.14088821170516957,0.004608622906371796,0.6323198242520093,0.06554012405310845,0.2511143820643556,0.046417046724154996,0.9083871812322062,0.9541348465504457
0.13166647703553921,0.12769973575515822,0.9299986987485543,0.9527737725272806,0.9257123630399564,0.07974591680167867,0.13883368770405954,0.11688027388714779,0.10687125936047037,0.14129805218116534,0.24735023466841072,0.34059543870444137,0.07868787063571632,0.3244668155170574,0.00889964047437415,0.8986509535526321,0.9527737725272806
0.13166556645008554,0.1276297672769893,0.9355130194281667,0.9569052168963204,0.9288956366397719,0.07568049971163783,0.1402640180148002,0.11580963568240527,0.1047858368707891,0.14050192934989272,0.09119849711854693,0.5083630609215203,0.03561574429431026,0.3628772232570034,0.0019454744086193443,0.9008860563832235,0.9569052168963204
0.13166216445766998,0.12759832555440254,0.9377294130870669,0.9585563518259964,0.9304717353735388,0.07418695914093251,0.14050143705530052,0.11542750243404382,0.10453308358731632,0.14064465611206706,0.04134716619364816,0.5528698632210653,0.08059448676381308,0.31478136130811757,0.01040712251335585,0.902387118921081,0.9585563518259964
0.13165932616545828,0.12750625649909306,0.9461811755110391,0.9654423825507047,0.9358582013173179,0.06980688192742664,0.13978642797859828,0.11506074609099806,0.10605603224952286,0.14175735243995966,0.06254380929159424,0.4698759169289804,0.23864500370044686,0.16198712813572264,0.0669481419432558,0.9062740200839311,0.9654423825507047
0.13165769011957412,0.1275051966699881,0.945970525185217,0.9652158310632185,0.9351092830643127,0.07046235145683435,0.13891126854311334,0.11548819671678044,0.10735800556568312,0.142449659757005,0.13384739850589975,0.3813726451271031,0.31530395760375984,0.10562160948209723,0.06385438928114011,0.905002735065407,0.9652158310632185
0.13165449068269108,0.12753685439933066,0.9413702167278357,0.961010710070461,0.930360344560732,0.07243363208781078,0.14023110163071142,0.11534056281915768,0.1050338887400959,0.14075606508748817,0.08045588471867801,0.485511569602472,0.11097829094017096,0.3229615736152182,9.268112346085348e-05,0.8997099790510029,0.961010710070461
0.13165440425012573,0.12762337892556205,0.9372010284310781,0.9590336890174689,0.9333664595127649,0.07472957237877684,0.14025871889037567,0.11554645868723701,0.10503817003746604,0.14087292313102,0.05728730260352271,0.5309951036461036,0.07202096563728769,0.2681186740789339,0.07157795403415217,0.9076992300080609,0.9590336890174689
0.13165149299532708,0.12765700923545742,0.9361585548022746,0.9590355219403327,0.9358062289091966,0.07623911397584415,0.1391142692085603,0.11604156196690278,0.10699922214640448,0.14193236179573793,0.14169397659707086,0.4174959451365174,0.15131049318242384,0.14076536647749863,0.1487342186064892,0.9125769358780607,0.9590355219403327
0.13164657396166193,0.12768758338897676,0.9301482260095272,0.9532065779216093,0.9292360028031399,0.07810003989825157,0.1404981713496467,0.11590154331923676,0.10420064896401077,0.14062845941263113,0.01963128540563258,0.6217002124564222,0.037145136091133645,0.30432466174040496,0.017198704306406607,0.9052654276846704,0.9532065779216093
0.13164550617256146,0.1277686266733995,0.9293618464512343,0.9531284728568639,0.9292262591222328,0.0802846547046266,0.13856964588953405,0.11694071831730944,0.10758214823971446,0.14192748291959176,0.23995833324905508,0.34055778978654844,0.12479834251934453,0.2144300736999633,0.08025546074508881,0.9053240453876017,0.9531284728568639
0.13164189907823087,0.12785085304597804,0.9260367631330908,0.9512166440451303,0.931878337110218,0.08041870678025721,0.1402171095499711,0.11635986473370623,0.1048228685839914,0.1412176404078046,0.021372804898133712,0.6376335115516469,0.04783102714143716,0.21399457418579954,0.07916808222298256,0.9125400301753057,0.9512166440451303
0.1316401579833345,0.12825087177344427,0.9255668009877395,0.9508594887160398,0.9298126293577456,0.0823988358159972,0.13829253904713731,0.11784141775384967,0.10884808333835533,0.1433959137532427,0.2501478278193277,0.3547473439973493,0.25000842645219895,0.0771548542748674,0.06794154745625669,0.9087657699994514,0.9508594887160398
0.13163970280914916,0.127560253839624,0.9384975852683767,0.958932217162267,0.9285647334497672,0.0749303570999262,0.13903588284786475,0.11611966726370103,0.10677066575557906,0.1414260651563767,0.20479433530065938,0.3455328981360743,0.15833288048501643,0.2839427074318276,0.007397178646422261,0.8981972497372674,0.958932217162267
0.13163794241631638,0.12771080768834137,0.9304540650784632,0.9546252516590399,0.9334683099806256,0.07983918604286493,0.13817160524996228,0.11673051335401154,0.10830429180632659,0.142687875487059,0.21134921737445406,0.3509261146330695,0.20926320425980938,0.0671869391402009,0.1612745245924661,0.9123113683022112,0.9546252516590399
0.13163547366197248,0.12743329838871217,0.9480505240446968,0.965986435610136,0.932993004475614,0.06931506593596327,0.13835059924054174,0.11556046907771722,0.1080589735303692,0.14298541977597845,0.16419142161148845,0.3336896689605365,0.4226108263577507,0.0664007494359316,0.013107333634292792,0.8999995733410919,0.965986435610136
0.13163422347975162,0.1275889986041706,0.9401744710635017,0.9620293870547182,0.9376644268682083,0.07368814012451717,0.13939071429833216,0.11557471445010822,0.10663586742038322,0.1419538272183117,0.09317385036355584,0.4555920119865667,0.18768941193416158,0.115896087543033,0.1476486381726829,0.9132994666816984,0.9620293870547182
0.1316263959492941,0.12754669151485934,0.939949516188904,0.9606176210725631,0.9330144485982867,0.07300409812595963,0.14040385539234987,0.11520915793537632,0.1047876057866793,0.1408406833968709,0.03328785495309036,0.5446499504937797,0.10681074724193146,0.2666631581317768,0.04858828917942169,0.9054112761240103,0.9606176210725631
0.13162626292720542,0.12870902387899613,0.9205228446178105,0.9481038953595963,0.9317133647675537,0.08428971826313095,0.13922831533562993,0.1183427889890582,0.10791072847090544,0.1436683601060938,0.149280435058485,0.5264142678380032,0.21580489096853125,0.05279968314897357,0.05570072298600701,0.9153228341755112,0.9481038953595963
0.13160492541979893,0.12834133199920403,0.9223860699098655,0.9489093296371823,0.9306707654022894,0.08276319568567471,0.13984097128536252,0.11752486595306846,0.10618405254935141,0.1422782725246765,0.0939601787163084,0.5839938043491961,0.10076041976746863,0.17767201475706487,0.04361358240996212,0.9124322011673964,0.9489093296371823
0.13160229735326925,0.1277848958629079,0.9279215470005836,0.9532240976876373,0.9340377055920857,0.08031564862014971,0.1396555735531131,0.1164413995805873,0.10590326853289152,0.14121977609897082,0.1112427519641249,0.5052970648428525,0.007355146188176179,0.22233525101478768,0.15376978599005886,0.914851313496534,0.9532240976876373
0.1315992866504111,0.12797990778057744,0.9254117186909121,0.9512167122770753,0.932655039519644,0.08116764958018008,0.13997038697131625,0.11672808207556944,0.10552404473304852,0.14146202310857006,0.07115910475336205,0.5806285550690186,0.03442287770057668,0.21123717286004934,0.10255228961699332,0.9140933667622129,0.9512167122770753
0.1315853012624401,0.12830354719272094,0.9214530992396488,0.9478735143355306,0.9307083732598729,0.08266449486801306,0.13990804698659112,0.11730046263246795,0.10581421284400616,0.14282655332413607,0.0035651872566960802,0.696955193829568,0.22150394327089923,0.0589211558380555,0.019054519804781064,0.9135432321842151,0.9478735143355306
0.1315810074954545,0.12770114707438637,0.9291610214055497,0.9546925109375369,0.9377675407176727,0.07971847825466734,0.1394371560813602,0.1161220069576649,0.1062862873826234,0.141748816430813,0.07346450705313791,0.527920946136419,0.0745741162601958,0.09905372945024184,0.22498670110000543,0.9208425704978084,0.9546925109375369
0.1315801666855521,0.12760969368439173,0.935934292214575,0.9595742408783244,0.9398275080042947,0.07590682384408738,0.13943536823012548,0.1156097559847312,0.10645552253187272,0.14212522805635017,0.04536279473461295,0.5258515072868584,0.1760646850805676,0.0415571425996059,0.21116387029835512,0.920080775130265,0.9595742408783244
0.1315770840951902,0.12751994277032117,0.9387282599604999,0.959944925791615,0.9323785859563263,0.07452962166134856,0.13955855321078944,0.11571962692953901,0.10599911297486403,0.14102838800374595,0.14027520357685247,0.4177309877939061,0.09056273254946928,0.2782192369113401,0.07321183916843187,0.9048122461210375,0.959944925791615
0.13157517761276882,0.12754995180122553,0.9388492737838666,0.961149959029734,0.9377518168674901,0.07438535985285288,0.1394923260450875,0.11552571264800574,0.10634309742247712,0.14169226673162874,0.08441096737271335,0.4709733139749063,0.14736797545274766,0.1336382872076145,0.16360945599201823,0.9143536747052461,0.961149959029734
0.13156814798805572,0.12807708728083242,0.9260473605666575,0.9511103700217647,0.9293566847352417,0.08193642905978392,0.1387953074339278,0.11745534330772021,0.10768309786653299,0.14230131263268897,0.23045349177033758,0.3792505155618429,0.12408416377571165,0.19569819806579536,0.07051363082631244,0.9076029994487186,0.9511103700217647
0.13156607751897287,0.12760957664455008,0.9332078542574247,0.9568591341529028,0.9356842212397176,0.07830050311298987,0.13811164009770033,0.11639747599572979,0.10835133509931681,0.14287395536968472,0.1830710450762708,0.3649782949065196,0.24971875395271245,0.015874306498776424,0.18635759956572076,0.9145093083265323,0.9568591341529028
0.13156584319041556,0.12740951855102456,0.9470061048705013,0.966296301035885,0.937269022394754,0.06957658036254484,0.13927840309535597,0.11505198514101922,0.10669803420051738,0.14213936485730994,0.0805065450312644,0.4355546290594108,0.28237285418310765,0.10247413348765098,0.09909183823856624,0.908241743753623,0.966296301035885
0.1315627494173449,0.1284895300550977,0.9226611298803429,0.9498499287914824,0.9337288380848864,0.08362211159910171,0.1387793315330653,0.11798085300370377,0.10848101318942391,0.14372422985693595,0.17249990134420617,0.46616836058943667,0.23412664454850127,0.003611171937364386,0.12359392158049141,0.9176077473782903,0.9498499287914824
0.13155783763282203,0.1275428735264009,0.9377422808177555,0.9602005240733439,0.9366722827049352,0.07535389283672683,0.13902773459971288,0.11579616589484504,0.10699291460847248,0.14192605996805713,0.13178186664734765,0.41587129746736934,0.16523500924766188,0.1232452930059561,0.1638665336316649,0.9131440413365264,0.9602005240733439
0.1315561765585514,0.1273221415957779,0.9505902292927015,0.9678874354157021,0.9343739075656381,0.06749972074158936,0.1388857891176321,0.11500916673952084,0.10717043119181471,0.14245221792214977,0.1122423563009972,0.38144472955279835,0.37388223241763624,0.10489417156887942,0.027536510159688624,0.900860379715574,0.9678874354157021
0.13154587530478817,0.12735534373936785,0.9478691073341098,0.9661629063757838,0.9346353429756349,0.06876367762071167,0.13980094955465394,0.11478395101654493,0.10576659539808064,0.14144741825098023,0.0613956478395604,0.46035977784968435,0.22971533165476313,0.19987125493069924,0.0486579877252931,0.9031077795754858,0.9661629063757838
0.13154544669066204,0.12747852643822216,0.9398211916119552,0.9608940484659513,0.9335685156110957,0.07423344641276529,0.1389305841886554,0.11579246962509518,0.10700040870696549,0.1417196135975388,0.16790287840645177,0.36889387582357186,0.17684448117798127,0.18800894429857068,0.0983498202934245,0.90624298275624,0.9608940484659513
0.13154458456524562,0.12809586095464662,0.9236744438790551,0.9500760383366517,0.9331264419602905,0.0818880038753418,0.139945151999165,0.11689976190516228,0.10567151421976649,0.14199886850508683,0.03976030366186589,0.6291118591220837,0.09601597984041203,0.1360367261026673,0.09907513127297111,0.9161768455839293,0.9500760383366517
0.13154407686656958,0.12757959399258237,0.9328149527182792,0.9561346823717517,0.932617756256495,0.07779012144705268,0.1396124362403596,0.11604001983958993,0.1057541110159439,0.14078875080151987,0.13633273158190282,0.45063936366385055,0.007545914764634512,0.28928586613680085,0.11619612385281121,0.9091008301412383,0.9561346823717517
0.13154025564733382,0.1275996120581051,0.9338223541607981,0.9581046268799746,0.9396728376371186,0.0770243421598917,0.1394868960715354,0.11565274942199008,0.1062493432121663,0.14197282517492224,0.037410974488535954,0.544522161258514,0.14526646174516275,0.047743168009394224,0.22505723449839293,0.9212410483942628,0.9581046268799746
0.13153809659515217,0.12729347775658986,0.951601841193949,0.9687148534408632,0.9359828531067973,0.06629085261689119,0.1396627237157967,0.1144460658718232,0.10602745092299383,0.14207314684485295,0.02168693068590476,0.4831579084621627,0.34706098702891686,0.1076816743315635,0.04041249949145204,0.9032508527727313,0.9687148534408632
0.13153571877686132,0.12748752637031252,0.9403921406512379,0.9621844172081503,0.9381770470181579,0.07391245249214903,0.13862565251356024,0.11567155545053036,0.10762821951684773,0.1426028317652414,0.12400275299801797,0.4052666448266681,0.2689603683750418,0.02976045138165104,0.1720097824186212,0.9141696768281653,0.9621844172081503
0.13152826795299152,0.12730474927812813,0.9499463604544396,0.9674867980347327,0.9344110372006249,0.06784878620150837,0.13908970013137423,0.11493539914017703,0.10681196022408028,0.14211970443344568,0.1052343554734192,0.39333697512494653,0.32629922276875156,0.1381643404639286,0.036965106168954286,0.901335276366517,0.9674867980347327
0.13152517901639144,0.1274812861469812,0.9392886021190041,0.9610402734918313,0.936430416606158,0.0747535298652773,0.13818145015141794,0.11593652315168598,0.10820822313823512,0.14287443162602073,0.16492728393465045,0.35989990861146387,0.30391565382650515,0.017021118060527907,0.1542360355668527,0.9118205597204847,0.9610402734918313
0.13152093594249137,0.1275889145336872,0.9299155621890114,0.9538341089270411,0.9325406229153494,0.07833781728310008,0.14035284760745695,0.11572358055007294,0.10434221957327575,0.14061726009318323,0.011071744299408142,0.6218922777167918,0.014681430970862093,0.25709806253678436,0.09525648447615373,0.9112471369036578,0.9538341089270411
0.13152035478212087,0.1275935538413935,0.9306002357035766,0.9548069102965946,0.9341964405147247,0.0797656508382539,0.138151430497003,0.1165207749349706,0.10813198917164772,0.1424937926150383,0.20098798685448854,0.3560388584723339,0.1878031425839331,0.06705684578412305,0.18811316630512145,0.9135859707328547,0.9548069102965946
0.13151782233056306,0.12761248282191318,0.9305368973991001,0.9554483966772874,0.9371116036601042,0.07874976296067109,0.13972183909667502,0.11586546689029079,0.10567706803338647,0.1412645495631421,0.05840249609432527,0.5434387126069268,0.039115428846173986,0.15525633181580364,0.20378703063677034,0.9187748106429208,0.9554483966772874
0.13150765461984742,0.1279784341806132,0.9262985309653787,0.9512894722298072,0.9295419293833629,0.08176271988829906,0.13888207040567707,0.11726995243560032,0.10735791659564006,0.14196829278032402,0.22247910807919896,0.3852911131013357,0.08846044389627547,0.22164348252386715,0.08212585239932281,0.9077943865369185,0.9512894722298072
0.13150675835106596,0.12733875108240106,0.9468210706495473,0.9656910068023088,0.9352528009245092,0.06958317829149072,0.1395787005867913,0.11491263640491992,0.10604222376141038,0.1414821133265744,0.08181022013979541,0.43848877566745265,0.2149363525434063,0.1911278954967599,0.07363675615258587,0.9048145950467097,0.9656910068023088
0.1315064495884203,0.12741270368380342,0.9392593792870171,0.9593444123476237,0.9301957118888179,0.07324659556745697,0.14054807874787448,0.11503772723879659,0.10415584308858479,0.140313736123332,0.02536310621625302,0.558195310641474,0.06935130917813995,0.33423196361180246,0.012858310352330756,0.9010470114300121,0.9593444123476237
0.1315002532762356,0.1274641780211609,0.9354744717727701,0.9568510418990753,0.9293069987647058,0.07557903673575035,0.14034150328681774,0.11549763753071966,0.10432536499071439,0.14012405534269862,0.0683480349553294,0.5300990127042061,0.0016422064244925232,0.3765918861327415,0.02331885978323062,0.9017629556303364,0.9568510418990753
0.1314986864099342,0.1274156437817721,0.9393016646947522,0.9597505212051409,0.9301372874566242,0.07417199478714871,0.13956998194581988,0.11561735151666891,0.10570671861607006,0.1406793865874196,0.15082839767717612,0.40423156877891925,0.07242234576237833,0.33426048917124235,0.03825719861028405,0.9005240537081074,0.9597505212051409
0.13149453961501478,0.12727323753216263,0.9498670972921867,0.9674682107458129,0.9354568807109931,0.0672901924894034,0.13990860851405568,0.11441808910319645,0.10553760207668521,0.14158296658375835,0.017926776787142516,0.4974158443409965,0.27639238437584157,0.159656988805593,0.04860800569042649,0.9034455506761732,0.9674682107458129
0.1314889705880934,0.12736833627020389,0.9416608480190398,0.9612498454258964,0.9301478325107603,0.07321648838947413,0.1387002607604195,0.11575364816096924,0.10709009603936188,0.14163610073820054,0.19984859814185219,0.32459575297534954,0.21183370371907986,0.23066761430322832,0.03305433086049009,0.8990458195956241,0.9612498454258964
0.13148742817410586,0.12720864804197973,0.9526606799884019,0.9688114555822648,0.9340542532640723,0.06553463044359951,0.13980260218546567,0.11422745881406396,0.10565346310217777,0.1418121994897431,0.012875679223461752,0.48769368353838277,0.34529425870025415,0.14684360160257684,0.007292776935324442,0.8992970509458799,0.9688114555822648
0.13148490395920912,0.1272681070250931,0.9512151673063903,0.969191130720256,0.9389207081937698,0.0667604071812571,0.13907070638211366,0.11460068220448816,0.10687959212439878,0.14274145673135696,0.03127993822400919,0.46582199201628743,0.40556922335019174,0.0024545394504788295,0.09487430695903284,0.9086502856672838,0.969191130720256
0.13148360323034863,0.1273929031636066,0.9439990636992791,0.9649755720910914,0.9406183703981068,0.07131540629215948,0.13911949677617994,0.1150471938924606,0.10684180703902493,0.1424870039073371,0.042477735848932975,0.48447519142833156,0.29135380524841475,0.0020175206476859106,0.17967574682663484,0.9162611687051221,0.9649755720910914
0.13148090371996446,0.12751562422379942,0.9311259237799672,0.9541375945377941,0.9289031801494705,0.07928817740973064,0.1386574364118159,0.1164928300517258,0.10697860298722726,0.14125138374880447,0.23196047527498795,0.3370016476387987,0.07092799141524513,0.2738649220355734,0.08624496363539476,0.9036687657611467,0.9541375945377941
0.1314803613804013,0.12746350569492093,0.9382675543878146,0.960750290603105,0.9378671454338847,0.07491977245004795,0.13918284086460433,0.11553727920081555,0.10663870750487411,0.14174237419873198,0.10302309415106443,0.44417769918260414,0.147571455450708,0.11890869263103317,0.18631905858459025,0.9149840002646645,0.960750290603105
0.1314748645475216,0.12723021411804045,0.9510634137404974,0.968085635047875,0.9340999446166294,0.06721193420333833,0.1388534600820606,0.11487188004140333,0.10704157725232034,0.14228356480844134,0.11202230068900268,0.37671636043401585,0.36234532559393706,0.11963097098039305,0.029285042302651536,0.9001142541853836,0.968085635047875
0.13147428595283897,0.12741993732441628,0.9387201936751411,0.960028605006908,0.9330364898938479,0.0749066524678073,0.13887972016836705,0.11579446657688114,0.10689846025632348,0.14150954237138252,0.17612915820512262,0.3622694628888401,0.14696323053423826,0.2087900826382616,0.10584806573353736,0.9060443747807879,0.960028605006908
0.1314713222065172,0.12744125691632852,0.9393053200920782,0.9615206971011346,0.9383792725025839,0.07413966223646935,0.13941143285468985,0.11534187518512903,0.10628434338970318,0.14160898067723876,0.07722477304427888,0.47141815331073106,0.14321826511380858,0.12445045203287407,0.18368835649830723,0.9152378479040331,0.9615206971011346
0.13146870174870337,0.1274951928074028,0.930927040869231,0.9536312496374169,0.9284029853369495,0.07973983777185664,0.13741388477486607,0.11682108644049441,0.10889150791414313,0.1427889253944327,0.2801734157113893,0.2634047324380127,0.2802460038210769,0.08861583109681145,0.08756001693270953,0.9031747210364823,0.9536312496374169
0.1314652455476779,0.1273935219138541,0.9386811549257345,0.9594038929525629,0.9314569917284161,0.07378258350808331,0.14035802017639104,0.11514494977373801,0.10441669028211624,0.14026424360039305,0.04950559976596314,0.5299400150119196,0.03741858005007939,0.3349492779369649,0.04818652723507301,0.9035100905042694,0.9594038929525629
0.1314638123506442,0.1280377106436147,0.9231828001409721,0.9490286663851313,0.9297496050582734,0.08207218153175291,0.14005880202192542,0.11696611169904587,0.10520226016324674,0.14141077199547478,0.06471063292140422,0.6101631351492381,0.0340727516410086,0.24639125662508823,0.04466222366326073,0.9104705437314156,0.9490286663851313
0.13146345060275527,0.1273522818159142,0.9436082673712947,0.9638373523718087,0.9371273049189215,0.07092752169030953,0.1401301331612034,0.1146847839448313,0.10511309303170635,0.14121322755167337,0.0016908944443214111,0.5479123015729969,0.17091136056633335,0.16421586739720306,0.11526957601914517,0.9104172574660343,0.9638373523718087
0.1314623214090207,0.12740089632874022,0.9369950388725918,0.9577800426753412,0.9284072227406306,0.07519539708894782,0.13988796359244998,0.11562434715082552,0.10497400831212308,0.14017907320071607,0.13162361652126972,0.4442192514694272,0.009798522417340057,0.39689983831918213,0.017458771272780692,0.89903440280592,0.9577800426753412
0.13145882067919798,0.1282634246550739,0.9229565231043931,0.9486160580638516,0.9268662691338032,0.08324800271307074,0.13912290157378282,0.11786984519401691,0.1072065296983509,0.14216185933913908,0.2233373495575275,0.42087310703955666,0.08538320531706549,0.25725892988243004,0.01314740820342029,0.9051164802037549,0.9486160580638516
0.13145740838019623,0.12730642167244377,0.9444131086490021,0.963449069832087,0.9326472128288,0.0717498961194347,0.1377173287783096,0.11577719512966961,0.10860356802347072,0.14309929979782965,0.20154261216953742,0.295569054809076,0.4157194331265103,0.03332208100047322,0.05384681889440303,0.9018453558255131,0.963449069832087
0.13145362323036264,0.12748577911920617,0.9301229990840442,0.9528820285595019,0.9261914837195557,0.07968021830806707,0.1388572302869306,0.1165452280832438,0.10640899629293277,0.1407510762117435,0.23708382541480863,0.34487958743392283,0.01972508005085656,0.3582095626436868,0.040101944456725186,0.8995009388796097,0.9528820285595019
0.1314528199269308,0.12830776140305908,0.9201337208024849,0.9467375275336252,0.9297370097688483,0.08328747939103247,0.1398638187302379,0.11740437617801507,0.10575612305943471,0.142843116621323,0.002046985872195424,0.7074339313866059,0.22279011899676204,0.06221873669993579,0.005510227044500915,0.9127364920040715,0.9467375275336252
0.13145021617143648,0.12739314000053756,0.9379885858713554,0.9590841444866173,0.9310386288972335,0.07538861546696352,0.1387338893673137,0.11591519366852468,0.10697301265705764,0.14142379786130344,0.20124247392318784,0.3374891895523108,0.1444832945535289,0.237147243410658,0.07963779856031464,0.9029931133078498,0.9590841444866173
0.13145007560062724,0.12724536091343572,0.9501478454686847,0.9683486634737474,0.9378968419898195,0.06779931171350909,0.1385686629340089,0.11490891119830973,0.10752825411987804,0.1428755111565709,0.08765449441817728,0.40207114807471234,0.407452650513493,0.006781401716753845,0.09604030527686354,0.9074450205058917,0.9683486634737474
0.13144720900063456,0.12739449054818222,0.9351948174387222,0.9559700052634323,0.926875896171168,0.07734483341726794,0.1368767120613013,0.11672826999304721,0.10956623962973075,0.14346553178222857,0.2939820766802209,0.22732484728153243,0.4320027135291299,0.0248596359767741,0.02183072653234263,0.8977817870789035,0.9559700052634323
0.1314417486496999,0.12734101573536763,0.9409644190893122,0.9611007251264554,0.9322783809076951,0.07259140134366786,0.1402492004047126,0.11499061909039437,0.10463226483943873,0.1403685010021286,0.055292487279767974,0.5079932276469324,0.06131733871075602,0.3194479377374835,0.055949008625060234,0.9034560366889349,0.9611007251264554
0.13143595157715843,0.12787132896838924,0.9252385190115806,0.9518164733421223,0.9369652040539785,0.0813211567818624,0.1396700926683793,0.11640986069367676,0.10592581532359999,0.1420795676097552,0.02125436630446094,0.6209317107742651,0.10921749197399394,0.05330659313102736,0.1952898378162527,0.9221139347658348,0.9518164733421223
0.13143064390680267,0.12842767424136806,0.921947942162272,0.9491619024777276,0.9326821587910905,0.08395175617956531,0.13888615328351234,0.11793837576716641,0.10812630842719136,0.14328446269558864,0.18053083921284896,0.4612624557233475,0.17871907351389063,0.06127415423091313,0.1182134773189996,0.9162024151044535,0.9491619024777276
0.13143018404278098,0.1280604180861448,0.925496832795938,0.9515797765091969,0.9339185824370111,0.08237614947972875,0.13848538385390977,0.11731207509596997,0.10830604334215081,0.1430246632177179,0.1932528761012123,0.40699228114901476,0.1877108766035166,0.043698893277726886,0.16834507286852948,0.9162573883648253,0.9515797765091969
0.13142936388216916,0.12741419350138583,0.939094457695094,0.961771187951499,0.9409499252800677,0.0740392794820684,0.13934973976976894,0.11514913820820694,0.10633950437207791,0.14211143486716024,0.021694028810639733,0.5308356446253713,0.20954159639710518,0.015296364719549222,0.22263236544733456,0.9201286626086366,0.961771187951499
