well,rows,left_squared_error,right_squared_error,left_rmse,right_rmse,rmse_delta
efe96181,4012,3042801.1686001453,1614616.1833920549,27.539517372291407,20.0610743912389,-7.478442981052506
56b00794,6065,5438405.054000201,3126900.7068202184,29.944728017238926,22.70605276401091,-7.238675253228017
fb03ae90,6431,11828809.24620032,8295040.377700267,42.88755217158539,35.91451429101455,-6.973037880570843
35b3ef6a,3904,2648325.2823002697,1482652.7883961138,26.045383636758544,19.487890236763754,-6.55749339999479
0bbf5e67,4298,1451514.2024998572,610196.7254879446,18.377119492009776,11.915210817852252,-6.461908674157524
b37fd114,8161,5091965.858499978,3120214.7794091287,24.97877020046922,19.55332216583056,-5.425448034638659
42c538a1,3279,2248918.132600144,1414692.996596085,26.188831097053416,20.77114289407251,-5.417688202980905
9dede370,6297,2196378.6900001387,1110661.9049130883,18.676124657054373,13.280795560323805,-5.395329096730569
98bc6f66,6063,1887774.794700132,919327.5429270519,17.645391862557158,12.313778910971708,-5.33161295158545
d63196fe,4510,1719347.732199963,933033.9131501082,19.52511448958693,14.383363088518829,-5.141751401068101
445af6c2,6041,5420409.17149981,3730479.7464758945,29.954468486977532,24.85008767696214,-5.1043808100153925
4c3df468,5392,2317257.023399705,1335470.3296318986,20.730613836474724,15.737733257274776,-4.992880579199948
32fe84c9,6408,3172594.896700016,1929827.8863318642,22.250821979444407,17.353937832419746,-4.896884147024661
368fe682,4936,950736.9625999265,399726.9779959469,13.878502686940966,8.998997985773933,-4.879504701167033
bb337fa0,6873,3986549.262400018,2560220.1406001835,24.08382127123085,19.300363251008047,-4.7834580202228025
a6f967fb,4670,884568.3092000422,378346.5549499866,13.762814229045636,9.000910671865894,-4.761903557179743
99529c45,5840,2743802.8484998597,1689660.0080999488,21.675545088419643,17.009566245284766,-4.6659788431348765
4ed93db6,4657,388559.21620003687,94173.9856300144,9.134304566059011,4.496890955424708,-4.637413610634304
03a935ae,2786,3423484.1721999906,2599653.801016015,35.05448621305352,30.546904144959683,-4.507582068093839
d0a0e7b5,3816,520311.90600001643,196855.12350003218,11.676903707262621,7.182393222712665,-4.494510484549957
4f69febf,5460,1218894.9087000324,607978.7395799487,14.941245790403045,10.55231811051416,-4.388927679888885
fbd68d27,6829,3333974.630699741,2163250.5032438464,22.09543667740266,17.798149497347282,-4.297287180055378
197f8a5a,6310,3823390.0059999274,2609826.6678999104,24.61555435098563,20.337199675321582,-4.278354675664048
46d24a09,4449,1968447.27030005,1251515.4574559857,21.034427197140683,16.77207926044979,-4.262347936690894
d00e7eb9,5704,356618.0954999781,76122.78069600237,7.907003476643953,3.6531504947329116,-4.2538529819110416
28f4eda9,5266,778535.440900094,331475.2985440091,12.159025419229918,7.933871420238469,-4.225153998991449
206b6193,6535,8710547.409699634,6870878.876958815,36.50899923584182,32.42525128242192,-4.083747953419902
7d50373e,5122,1045661.2682999999,533688.5536680201,14.288140886490115,10.20761207785178,-4.080528808638336
504c8b08,6367,2716814.3645998687,1749671.2207840024,20.6567768266876,16.57718557648409,-4.07959125020351
992c99e8,4904,931085.5809999148,462752.37324097555,13.77905931963707,9.714022310747811,-4.065037008889259
a612d5a0,5329,1976143.735899718,1238007.1883288098,19.256901319606147,15.241886491950941,-4.015014827655206
27300fd5,5467,1653208.961300014,999882.6581869124,17.389589831741016,13.523838664239278,-3.865751167501738
1131525f,4159,895074.0194999772,488399.3162999577,14.670165574890584,10.836600510655753,-3.833565064234831
a08d9e63,3685,1697467.9239001367,1147719.9282000735,21.46258569009769,17.648151168730834,-3.814434521366856
e85074c5,5675,730769.5881000807,328473.9020999987,11.347685731962262,7.607947410843951,-3.7397383211183106
f4d12d23,3701,954913.1749999693,566681.7897889945,16.062842467413066,12.373999265364311,-3.688843202048755
f49fdea3,5391,829758.5793000861,416237.6088841037,12.406269464941662,8.786906255986455,-3.619363208955207
42669188,4282,2271224.697399946,1616198.9131780162,23.030677799344762,19.42782011901585,-3.6028576803289134
ec0d597b,4616,1248076.4627000568,764670.5009510348,16.44325138720608,12.870762254165722,-3.5724891330403565
481de5fc,5952,1110781.755800009,605825.2841479705,13.661013098019078,10.088863265364747,-3.572149832654331
f6d009f4,6715,14858219.486399204,12708551.28245942,47.03924865295554,43.50358169874547,-3.535666954210072
58fa8486,4475,630056.9998999565,310531.8916999789,11.865701003853056,8.330222175740692,-3.535478828112364
d1ee630d,6290,939241.8177998039,486485.0812328814,12.219780010195931,8.794465317903247,-3.425314692292684
5aa403d0,3118,2056921.031900109,1546512.635428029,25.684478606280763,22.27094682089019,-3.413531785390571
4463446c,3256,1158193.8903999508,780363.2676219371,18.86029305975226,15.481256675014974,-3.379036384737285
a7744f5b,4377,749411.9111999923,412587.3577679705,13.084948643934055,9.708892331552661,-3.376056312381394
8b95d6d1,1731,284564.6522000056,155248.4983639839,12.821591683060278,9.470331255990988,-3.35126042706929
eba6605e,4410,1077585.4438000903,675943.9767600317,15.631712662756936,12.380439336989536,-3.2512733257674
ee4aecac,5265,611702.5087999359,299223.7223000221,10.778813139095936,7.538740997107321,-3.240072141988615
1a518997,4606,533341.0858000905,261689.8742560391,10.76070073803029,7.537572326807767,-3.2231284112225227
1b08ed48,5618,787361.948899942,418274.86804994516,11.838490879530399,8.6285936688649,-3.209897210665499
53f23031,8550,973040.3093000799,476568.86768005055,10.667984070510432,7.465858882370326,-3.202125188140106
aff4e561,6026,709648.7385999826,355303.5178839866,10.851934253065428,7.678655615086039,-3.173278637979389
264feceb,5665,668545.5547000171,337732.2496000486,10.863394363873288,7.721226797969021,-3.142167565904267
14ab73fb,3649,801347.0075000682,498619.9510010766,14.81915286795364,11.689552725239851,-3.129600142713789
fde20ecf,4667,1242876.3809001003,813216.8686880115,16.31905728866344,13.200314817005493,-3.1187424716579475
43c7f85a,5978,747254.0476000572,389369.3472579994,11.180370167514397,8.070546129644049,-3.1098240378703483
2cee0cba,5500,625598.7540000372,318015.8424000436,10.665140786694133,7.604016192417885,-3.061124594276248
c593337f,5208,2955558.742699917,2250365.088899819,23.822334034025907,20.786961089222498,-3.0353729448034095
f140c2fa,4082,723823.3593000288,433718.99485196994,13.3161842942989,10.30784124322518,-3.0083430510737195
1a730ac2,4605,1231080.4559000134,820710.67353199,16.350400725581075,13.349967963720136,-3.0004327618609388
aa95015b,4300,591150.2580000522,330074.25556801143,11.725050285011942,8.761361468588,-2.963688816423943
9df1b1f9,4701,745415.2874001141,437668.42802907183,12.592269852167446,9.648892857839268,-2.943376994328178
7993a768,5487,438990.70879996446,197648.20548800647,8.944584766584349,6.001764601216362,-2.942820165367987
9da441ba,5783,1410696.1844999543,929324.7380909715,15.618529769468404,12.676727442702816,-2.941802326765588
e201fd6d,5070,1358850.49810013,915566.1434160622,16.371250707380042,13.438193262084182,-2.9330574452958604
9d4272e3,4030,1272323.226500134,889561.623260052,17.76831335353228,14.857149595706238,-2.911163757826044
c472c0b5,3054,209442.1419000427,89343.35643598918,8.28128095427446,5.408746355988134,-2.8725345982863253
2043abc5,6958,2265345.3406996895,1606618.208698938,18.043675019417094,15.195469744682475,-2.848205274734619
dd6bc5b2,3602,499924.9175000435,290492.21217202797,11.780956097388067,8.980394033950013,-2.800562063438054
125be846,6510,2213950.0590000013,1601971.686667989,18.441379950265283,15.686892620994435,-2.754487329270848
6a8fa194,3017,210268.61650004063,94473.80337699412,8.348329338921094,5.595875516528636,-2.7524538223924573
2d9f6cb9,7338,720462.8610999563,380573.561871883,9.908706063856238,7.201624179636975,-2.7070818842192628
14a53cb3,6919,553934.193499999,272194.51372096833,8.94761773897247,6.272172852674264,-2.675444886298206
3ef98781,3892,601708.4135000388,378418.15962805925,12.433878700657392,9.860514335830928,-2.573364364826464
79507629,5302,837784.6386000252,530715.2540000194,12.57032003546627,10.004857873241038,-2.5654621622252325
c96c018a,6236,1031300.8693001298,662210.8321570992,12.859960619036775,10.30493097183891,-2.5550296471978644
3584a6eb,4494,372828.81650002254,193119.07678398417,9.108318362664079,6.555352565610299,-2.55296579705378
1285a37b,5597,172346.77079995122,51707.3039250079,5.549117512133954,3.0394730251023447,-2.509644487031609
29b24409,5587,1057340.5060998027,707835.5663117566,13.756821410921399,11.255812620935377,-2.501008789986022
7acda2df,3091,592172.4941000341,400476.49309201207,13.841227690699123,11.382535463825773,-2.4586922268733495
52f1e77a,4442,892518.8349000145,609867.2014499817,14.174880875648112,11.717321917757243,-2.4575589578908694
944f36b9,4630,196405.32750004437,76296.47151000977,6.513075857645095,4.059398914691462,-2.453676942953633
3417285d,5449,6456374.637799916,5576978.982424795,34.42198868150785,31.99197855058337,-2.4300101309244795
f8662c22,5429,1326153.3356001524,947579.643941118,15.629207250700455,13.211372579485733,-2.417834671214722
19137a89,6267,2057653.729599862,1550850.7507628517,18.119920942456794,15.730957399527107,-2.3889635429296874
93209a3d,4697,876195.7139999376,597772.5427320203,13.65809981076041,11.281262410276465,-2.3768374004839448
5a1a8fd8,5260,911687.6829999856,618536.1167,13.1652821679877,10.844003763535595,-2.321278404452105
eafb863e,3568,646214.5529000807,447333.772397015,13.457858083605025,11.197044928627042,-2.260813154977983
b7fea9ef,3866,480464.8110000523,305704.6973160365,11.148074644872509,8.892423365130405,-2.2556512797421036
0a57a29c,5821,281389.298500032,128689.33952502337,6.952723985070934,4.701890234672433,-2.2508337503985008
8bfa881d,4089,2536780.235300102,2100699.432595948,24.907656478671402,22.66592272488362,-2.2417337537877806
af7a59ce,3024,51207.55889998309,10881.011543999271,4.115059728297358,1.8968969669368871,-2.218162761360471
96b7eea1,4332,666631.7062000063,449550.4970680679,12.405056848354107,10.186969763892897,-2.21808708446121
7c607683,5328,1515389.3116998705,1146894.4684879687,16.864753655466934,14.671672393163174,-2.1930812623037603
87aa3730,5607,465999.3564000104,269644.8711269983,9.116484132166912,6.934749916082668,-2.1817342160842434
3a86fe8d,5118,692805.7731998938,461060.6900379324,11.634711217695367,9.491370075397652,-2.1433411422977144
dd7d638e,4301,155749.87810000192,64669.73515299631,6.017680647613085,3.877625117602437,-2.140055530010648
8ac2f237,5319,1439544.5205000383,1089923.453565001,16.45119897844976,14.314724824038018,-2.136474154411742
fa667be2,7296,565261.1422999175,327950.4614959441,8.802015991385062,6.704427681315055,-2.097588310070007
eabc711b,5348,731897.2673000142,493113.54678800073,11.698478022871639,9.60235521381117,-2.0961228090604678
b04b58a3,3402,580138.9552000265,408884.0252679992,13.058667367524363,10.963088426119624,-2.0955789414047388
96ae5806,9839,702640.4495001609,397949.37887907005,8.450669041365172,6.359726442762938,-2.0909425986022345
8a89da23,3935,2314494.740899957,1933046.4989749712,24.252456304947113,22.164032696144766,-2.088423608802348
ce55ba43,4104,839749.2925999716,612697.4573660243,14.30444944852245,12.21854135195765,-2.0859080965647987
ef8e3ed0,5224,1118906.8511000555,825769.99487612,14.635089490374893,12.572682981975658,-2.062406508399235
2d196986,6474,930907.4142998818,640141.1442639336,11.991317360702503,9.943780369448302,-2.0475369912542014
8050c789,3077,186554.80269999325,101619.47525199599,7.786449457719408,5.746782040351209,-2.0396674173681992
c2c4db09,6039,492242.59170000773,296315.73611098254,9.028322821306517,7.004785534617613,-2.023537286688904
d114d9c2,6206,367813.1224000198,200524.2011500337,7.69852853923108,5.684306821951984,-2.0142217172790957
02e7fe5a,5108,361659.8211000381,209596.94878798127,8.414429717261077,6.4057064661486285,-2.008723251112449
2364716c,4316,1669560.814700099,1346351.299873943,19.668009235301668,17.661943005797063,-2.0060662295046043
8382f4b6,4967,6422082.510100092,5738979.706416959,35.957613544757436,33.991494887194776,-1.9661186575626601
b19b0395,5813,586571.2351999424,386159.5391479612,10.045237735851847,8.150480679594297,-1.89475705625755
368131f9,4991,2175069.4297999893,1799088.9449748856,20.87578316953144,18.985958730784333,-1.8898244387471088
0dc5e64d,4879,1582345.974200055,1268435.4048709867,18.008822359134772,16.123850724281944,-1.8849716348528283
82fcf37c,6014,258992.36680005604,131672.1635260187,6.562385974432521,4.679131751559975,-1.8832542228725462
71ccf778,2698,78343.36019998082,33297.70905000526,5.388651839136806,3.5130651544054197,-1.875586684731386
fb3848a1,5919,587047.4069999581,388206.70123797964,9.958923975567506,8.09855141965546,-1.860372555912047
593876b6,4842,729974.03199997,528201.0453219872,12.2783868636543,10.444489932733655,-1.8338969309206448
060ab2b8,6258,512354.6856999987,326486.95014401677,9.048312196834127,7.222958740906488,-1.8253534559276385
8b5be31b,5672,1180819.9725000681,901462.1706000661,14.42858472653754,12.606822616383985,-1.8217621101535553
b56bc0aa,5602,432688.54829998035,272895.8191889799,8.788528154094545,6.979541419546508,-1.8089867345480366
7850c72e,5497,838505.7945000235,613763.6046569854,12.350659981673207,10.566659122077343,-1.7840008595958636
f07d7037,5563,312592.2979999813,182659.19630002257,7.496086797446274,5.730153304560569,-1.7659334928857051
01869cd4,5557,626576.8553999825,436132.73826801864,10.618593023436276,8.85909065206899,-1.7595023713672866
059c8f24,6258,745174.8376998632,525767.2115878398,10.912174729109239,9.16598136478841,-1.7461933643208294
272abef3,4135,415405.66280002095,285633.79398803215,10.023016592838678,8.311263230728237,-1.711753362110441
1295a25b,5551,524104.43609998235,356015.13171594,9.716800903498608,8.008452701171185,-1.7083482023274232
c1708b88,6315,2115932.476999837,1740127.3966699082,18.304767828554887,16.599837814458773,-1.7049300140961137
65a5466a,4683,673343.1381,496495.6205279474,11.991020361693243,10.296642449095934,-1.694377912597309
4a035ec2,2588,874115.938400017,720401.0110999957,18.37817503927824,16.684185923515912,-1.693989115762328
a85bb86f,3099,192132.77000000863,118373.75484799477,7.873900707960967,6.180404837244966,-1.693495870716001
9ad5410a,4205,324480.0178000703,211878.8813650011,8.784377249544983,7.098406000247677,-1.6859712492973058
9c8375f7,3674,128636.79189999787,65936.34027100487,5.917156069883692,4.23635984852517,-1.6807962213585217
493b5b31,4671,2022077.8810000157,1713478.7643999916,20.806259253075513,19.152895079802246,-1.6533641732732676
1550491d,4563,2044445.3209001038,1737820.1737810448,21.167156242041475,19.51538766866334,-1.6517685733781349
46a301e9,8226,944282.5357998859,676791.9432258931,10.714122960128444,9.070541975638111,-1.6435809844903329
a4f989c2,5385,602639.2674001362,433206.6455400741,10.578786672639087,8.969220508763996,-1.6095661638750904
8bda1a11,5981,989223.54650004,758442.7538360091,12.860573075338545,11.260936305647697,-1.5996367696908482
d5df0ff5,4032,1078020.4412000724,877887.3796999219,16.351335751344372,14.755677039224373,-1.5956587121199988
896d15b9,4279,3795998.590699895,3402562.810391032,29.78460727060298,28.19888472761032,-1.5857225429926594
35b30c7f,9579,3513417.411000219,2959032.5702339928,19.15158789297762,17.575787217007523,-1.5758006759700969
3a223519,4583,405054.03100001364,281100.4327749682,9.401162306681243,7.8316961301864065,-1.5694661764948368
d1ecf309,6168,542489.3064999618,378288.82967198297,9.37828460834895,7.8314030551319345,-1.5468815532170161
466fc788,6197,1783940.4140000835,1475225.849824991,16.96677982284487,15.429025925957902,-1.5377538968869686
71642c7d,4648,658339.4624999434,500523.01694795623,11.901230993511438,10.377170852537047,-1.5240601409743917
c43812e2,5527,272129.4750999891,167126.8232470195,7.016864008504025,5.498931969380548,-1.517932039123477
add9c322,3932,594561.2657000652,457146.88686800556,12.296784203800957,10.78254126121708,-1.514242942583877
727a3a10,4397,672158.2140999405,518155.9408719314,12.363958034938872,10.855554402073503,-1.5084036328653685
ea0b99b7,9239,1366075.5755998888,1050390.8679748885,12.15975654126152,10.662596756078464,-1.4971597851830563
bcebcc5f,6258,3677527.008099815,3238123.4138679123,24.241537215571864,22.747250961669742,-1.4942862539021213
fcfcc902,2791,216511.05999998702,149538.77923899537,8.80765155445474,7.319762622092464,-1.4878889323622762
13f598d9,7306,1681009.1951999064,1367985.9303238452,15.16858992587756,13.68361925261415,-1.48497067326341
5397ceb1,5255,449719.9785000096,317046.91537498886,9.25091584943266,7.767395263953479,-1.483520585479181
ec13af42,5462,649706.3348000114,485182.415149992,10.906432170405786,9.424898418915848,-1.4815337514899376
7271dd80,4340,299989.02600010013,202796.99412002286,8.313957865645468,6.835745606735616,-1.4782122589098527
24d8997e,3442,109469.33920000905,59612.560212998105,5.6395027824068205,4.161629889724279,-1.4778728926825417
57f05c51,4771,6295172.4827998215,5799347.852699885,36.3244551404309,34.86461479867104,-1.4598403417598576
aaaf3c03,2997,681500.1233000018,557115.1731680072,15.079592231507316,13.634183095123095,-1.445409136384221
173ed841,4883,1509211.2462000288,1271595.6208679683,17.58051747694951,16.137310287122855,-1.443207189826655
8d5d46d7,5755,1201438.5950999786,975880.088235006,14.448678432466648,13.021936235634694,-1.4267421968319542
8d92cb49,3589,189251.76719996828,122205.3266609942,7.261615385751236,5.835234839675119,-1.4263805460761176
729e9750,5919,461078.198399971,324264.76583097037,8.825983755646552,7.401601697763915,-1.424382057882637
a4cdbb0f,5204,646976.7781999946,493149.7976840144,11.150021440885437,9.734659956786027,-1.4153614840994102
10be2420,3271,575084.5323999213,459849.143847949,13.259451874685322,11.856797946772161,-1.4026539279131605
a7fc3e6b,4764,1569287.4015999662,1337316.930699996,18.149529358993682,16.754493179701,-1.3950361792926813
2e43c2ea,5698,319436.1983999788,213009.89780399422,7.487396669090343,6.114186327539866,-1.373210341550477
5eae34a8,4904,268360.50889999233,178482.4449000058,7.397484649492449,6.03284993380562,-1.3646347156868286
d543916f,4799,499309.66189998086,374827.3494709925,10.200221672654065,8.837720468420086,-1.362501204233979
a692b17e,3566,615522.4762999524,494640.504943978,13.138061444708827,11.777528639711297,-1.3605328049975292
6ede926a,4938,291768.60690003977,197967.1708500053,7.6867673731454715,6.331710438559659,-1.3550569345858126
865033f8,3557,125516.80940000033,74826.62908999642,5.940308678128904,4.586550269695059,-1.353758408433845
684a6fc1,9818,5669776.451799878,5051446.206253234,24.030978453294004,22.68278374837171,-1.348194704922296
81bf5923,4543,4456216.248500153,4085745.3682479677,31.31927935297995,29.98915853795589,-1.3301208150240598
925a7cd1,4517,96102.53899998135,48751.47870000409,4.612563792738408,3.285253231925296,-1.3273105608131122
58850d2c,4995,1107147.8569999994,919421.6225080366,14.887955622671049,13.56718072756834,-1.3207748951027085
2bff06cf,7624,6161319.0550003955,5605971.746824571,28.427941006681795,27.116523430793865,-1.3114175758879298
2e63d9de,4699,891496.8474999957,730174.0940559992,13.77390817425645,12.465522522847165,-1.308385651409285
55efee7f,4801,3204452.8491000747,2888114.477670065,25.83515609352923,24.52682592795066,-1.3083301655785675
5542c301,3591,108671.76400000187,63512.98260100438,5.501114137426537,4.2055572694724646,-1.2955568679540725
81fc01c6,5909,1330874.3842001222,1111372.356325102,15.007610097527794,13.714273306342301,-1.2933367911854923
c70c0e01,4312,346553.0733000199,253895.08324802865,8.964901066736223,7.673398790023246,-1.2915022767129773
1d3fbf02,2694,93980.8191999839,57644.36274998308,5.906372283901897,4.6257230318275715,-1.2806492520743253
e7c36e81,3531,190745.23869997042,130465.96771598716,7.349841849963589,6.078546749903619,-1.2712951000599695
b4f37e6e,2992,668625.7853000571,560011.4572120599,14.94895263643877,13.680994287082175,-1.2679583493565953
9a95e33f,6447,6721646.785400252,6205336.3998322785,32.28932813245856,31.02443134760764,-1.2648967848509187
5cdd8dbc,4010,1190689.7974999507,1022446.0495069744,17.231660513857207,15.967907727181547,-1.26375278667566
a5e6f7dc,5649,227840.515000009,146717.9292439988,6.350818327780091,5.096309642028009,-1.2545086857520822
dc5fbe29,5203,326374.0240000098,231636.76427500494,7.9201039214922035,6.672319466586915,-1.2477844549052888
0c1b160c,5054,359356.0429999505,260964.61353598416,8.432276859497074,7.185768008981689,-1.2465088505153856
2c0c4a4e,4790,310090.9651999648,221668.9767400088,8.04594018660484,6.802752984725508,-1.2431872018793317
1b1eba53,4655,23228083.40320031,22420390.58740043,70.63937461968058,69.40036338291037,-1.2390112367702102
d50c649a,4873,226652.41380000755,151928.3133000003,6.81996221614117,5.583688119385801,-1.236274096755369
eb06a4e7,4535,423983.8436000009,322532.09549001046,9.669099026629615,8.433305311459902,-1.235793715169713
ee288beb,4638,3513108.1915999916,3206307.8993918817,27.522025330807587,26.292824364533878,-1.2292009662737087
1e30dedf,4071,599691.7099000127,484452.4857999906,12.137059232129838,10.908751360789783,-1.2283078713400553
660d9546,4732,421128.03540001216,320261.9769000279,9.433757519583331,8.22678830631136,-1.2069692132719716
d07aed8f,2957,86303.15169998685,52238.227812981226,5.402411556483793,4.203088700057974,-1.1993228564258187
2d35f86d,4896,615931.8316999952,491522.12189599866,11.216196779664774,10.019610284663553,-1.1965864950012204
27ebb9b9,5766,575243.8351000191,446199.1080159947,9.988233062217338,8.796846824325224,-1.1913862378921145
da3cf798,5844,1670114.5158997274,1443039.6785557573,16.905110806271015,15.713901727047165,-1.1912090792238494
1944513c,4722,155510.1091000107,97853.52567700791,5.738736995920461,4.552241017318395,-1.186495978602066
3f603129,5051,4459090.58209986,4115010.0511758607,29.712176284154232,28.542812585694683,-1.1693636984595486
2ee0235b,5556,257132.67569996038,176974.11662397123,6.80295371229703,5.643827847205592,-1.159125865091438
fd8f77fa,5272,3962440.8548000767,3635155.9899170897,27.415343744152285,26.25873649658376,-1.1566072475685232
eeda36f5,4797,143537.08879996667,89390.7513919931,5.470124457464137,4.316795096666838,-1.153329360797299
e0f36d98,4976,1010886.6439000975,854293.2502960288,14.253156162438396,13.102775551367865,-1.1503806110705312
3690a146,4073,207067.78410000223,146204.43090000114,7.130156510792888,5.991327534227422,-1.138828976565466
69e41fa6,5772,198325.40109996707,129569.4785879866,5.861732687565972,4.737925138001158,-1.1238075495648143
cc08aa63,3274,552365.0347000412,461644.7041989917,12.988941242217614,11.874479755173049,-1.114461487044565
8c8348e8,3888,166352.99780000985,114658.45824799474,6.541121071059431,5.430501284373951,-1.1106197866854801
ae069086,4770,1014757.009499989,866146.9554989891,14.585517424947831,13.475242890729229,-1.1102745342186022
a783cc24,1889,1349195.6163999334,1240555.807103931,26.72523186448825,25.62666985976923,-1.098562004719021
26d3a96a,4721,387815.3691999161,299781.76464093046,9.063491001698889,7.968665661016148,-1.0948253406827408
b7974e66,5558,270242.33679999673,192103.71317196923,6.972963992749996,5.879069692422194,-1.0938943003278023
5def1ce5,6443,417773.3301000272,312221.81227502844,8.052417616706911,6.961255186107399,-1.0911624305995122
c03fba65,3699,1912776.2410998694,1734927.89429593,22.739971638302574,21.657012599322297,-1.0829590389802775
9d072e4c,5107,509761.22069991706,406664.21983191674,9.990804668905984,8.92349639464329,-1.0673082742626931
70e1788b,9285,475895.56830002595,344728.0738800499,7.159206283115687,6.093227203845188,-1.065979079270499
2f19d536,3088,131900.97520002016,92530.58126801038,6.5355983944137455,5.473989995679686,-1.0616083987340597
8cc800b3,6576,1269567.7063002407,1082992.00092411,13.894631430456734,12.833104247118595,-1.0615271833381392
4fbe9c06,6287,1014129.5012000403,851828.0495030476,12.700621635010842,11.64003371310503,-1.060587921905812
2b034622,5203,240984.65889996744,172902.83659998412,6.805621396093291,5.764665953350286,-1.0409554427430052
09441b8d,5488,1394247.1338000803,1219959.817800059,15.939064527907401,14.909590375582061,-1.0294741523253403
0498acab,4798,172505.77320002808,118987.4500260168,5.996139045372776,4.979898107984335,-1.0162409373884413
e2fc7745,3692,657149.4229999958,561032.0158279719,13.341394284804746,12.327158398819718,-1.0142358859850287
b977be4a,5917,2042287.4439000029,1825782.2724359687,18.57837175934225,17.56603356797237,-1.0123381913698815
b32902c0,3808,101210.23660000454,65409.14972800302,5.155416417213564,4.144487002344903,-1.0109294148686612
43b06c70,4846,372664.01159995,291968.4823619211,8.769342298126743,7.762047235942905,-1.0072950621838377
cbe62450,6258,2166662.3377999323,1941597.6157999802,18.607063412926227,17.614155888483197,-0.9929075244430301
8bb9c1e6,4546,157019.65899999402,108973.79859999279,5.877089429163017,4.896055466281295,-0.981033962881722
15e154a1,6068,3273501.5383999017,3003992.1181518952,23.22648490243106,22.249825453723066,-0.9766594487079949
f03f10fe,4145,364612.12940001197,292748.2149999873,9.378929872264582,8.403977101458004,-0.9749527708065777
a6ed2eff,5275,393100.8371000227,309532.4055560038,8.632582794631363,7.660230350019258,-0.9723524446121043
6d6d93af,3595,3726368.532100137,3505077.108355074,32.195372520142506,31.224776672746366,-0.9705958473961402
6a0ff78e,6465,832958.8908,696628.8053399756,11.350827388917208,10.380456422333225,-0.9703709665839835
fd710aea,4217,218852.23150001027,164264.70943202672,7.203999750290396,6.241232112811671,-0.9627676374787244
30d75030,3404,1054341.4039999829,942262.1914999904,17.599318669377997,16.637616401518773,-0.9617022678592235
939d9c34,5101,1262007.887899961,1112632.2221040048,15.729081869192102,14.768900165430486,-0.9601817037616165
dbee6c86,7369,142399.9661999995,87077.41628099588,4.395928954072107,3.437545766354109,-0.958383187717998
c1d046f4,5513,326875.3041999927,250702.86073000508,7.700112298091984,6.743504452435622,-0.9566078456563618
91abc4c7,5848,288753.65299997805,215976.05062100213,7.02683994774031,6.077138241254492,-0.9497017064858184
3a7dd95d,3072,519998.0906999932,446912.0354999891,13.010388611275378,12.0614749604952,-0.9489136507801774
a6b8ac67,5453,645009.4706000213,539446.976312046,10.875902281234387,9.946187286542408,-0.9297149946919792
48c1f673,2917,996201.2643999874,898969.461387945,18.480143096264484,17.555138283326258,-0.9250048129382265
20402d71,6372,866587.2249999039,734937.7773518201,11.661871660575386,10.73958259133028,-0.9222890692451067
940a48d9,3963,401331.5442999859,331583.30660799076,10.063281281665551,9.147118237095174,-0.9161630445703768
9ae248be,5271,346428.6368000287,272554.2808760241,8.107003944596208,7.190846128728834,-0.9161578158673738
633774dc,6233,1259023.3935000952,1105191.9297882142,14.212429924790966,13.315892764905335,-0.8965371598856304
25050f63,6124,8841477.046200395,8432221.036504373,37.996607342363916,37.10679117216645,-0.889816170197463
a645da9a,5153,412868.96689999796,335921.6068999783,8.951092580974047,8.074002849057825,-0.8770897319162216
9ab94eeb,4442,299097.2501999702,238651.19392198083,8.205724523051869,7.329806816678669,-0.8759177063731993
df73b8f3,5311,1295395.3829999508,1155700.1888999944,15.617554195793542,14.751440823966236,-0.8661133718273053
b38e3116,6211,254755.58159994349,190910.929520968,6.404438939196513,5.544145654819691,-0.8602932843768221
23b9beb0,7340,221983.63150000683,158299.33269999686,5.499363741994015,4.643992525874804,-0.8553712161192113
12f0cd90,5947,370685.8453000008,294960.8652429982,7.895034499573364,7.042603367352396,-0.8524311322209677
6d1d74e1,5830,823862.6549000066,710965.7735000397,11.887571200184345,11.043076216922909,-0.8444949832614359
2fa01aa6,2174,766533.8934000011,699188.7338000004,18.77741961251621,17.933598439517947,-0.8438211729982612
27c3155b,4958,1626238.9208000475,1478753.969127967,18.11085336032788,17.27009396174066,-0.8407593985872204
f08774c3,3900,510920.89229999884,438661.32030001166,11.44575716149874,10.605529765899844,-0.8402273955988964
beda8696,5912,570103.1488999944,476969.5695480026,9.819955216289502,8.982104912076935,-0.8378503042125676
25fd32b3,2885,29140.613800008778,15862.277200005248,3.1781649872704114,2.3448218846454822,-0.8333431026249292
7b2c7b3c,2584,98457.23020001505,73706.03683601404,6.17273385674935,5.34078721383589,-0.8319466429134597
310c71a5,5245,410180.99380004295,336736.66472502326,8.843313479056066,8.012581440420764,-0.8307320386353023
9c350a6a,6052,1831871.081099766,1662053.5521597553,17.397946606336838,16.571928343290686,-0.8260182630461514
e0079ed1,3471,226021.1810999934,182278.83194101296,8.069511840769099,7.246708825713296,-0.8228030150558032
d7ba4f9d,6023,156542.51839999744,110217.08942298143,5.098116159708834,4.27777597929915,-0.8203401804096835
89969c7a,4947,335509.00770002446,272047.3195470102,8.235332474787521,7.41568494280972,-0.8196475319778012
b32e4903,5770,198407.2874999912,147026.3319799795,5.863958705383137,5.047887352246184,-0.8160713531369534
e9949a23,4559,611437.5804999969,529716.6747239911,11.580872171010277,10.779212309514898,-0.8016598614953789
c9578d27,4487,476650.5407999894,405489.1322680011,10.306756368182521,9.5063012926921,-0.8004550754904205
c42fe306,5095,648200.215100001,561320.2493760379,11.279308916635767,10.496228112423763,-0.7830808042120037
aee6393a,5865,127672.86619999974,89034.69727998861,4.665683726709421,3.8962394110430574,-0.7694443156663637
699ea575,4120,445010.0755000486,382045.224925008,10.392889600471305,9.629611805544778,-0.7632777949265268
6ae68655,4204,116309.16709999678,85829.14190000006,5.259877371830793,4.518414113791559,-0.741463258039234
647f2a41,3881,166312.83899999794,130841.5167690018,6.546227092935274,5.806319952972802,-0.7399071399624715
84c3b497,5312,1909645.7674999677,1764137.1567880574,18.960394713110585,18.223724466515804,-0.7366702465947803
8995c945,6724,1954585.6891999107,1789835.4063559812,17.049572930743697,16.315211013159573,-0.7343619175841241
d2f3b1ab,5581,1681499.5109999746,1542430.3451249294,17.357707330254247,16.624430210652967,-0.7332771196012793
d41beaf2,4753,1268331.6667000686,1158599.9996800784,16.335502961206803,15.612874000754957,-0.7226289604518463
fc03f21f,4803,800399.4590999716,714291.2520750952,12.90913373270699,12.194987861210048,-0.7141458714969424
2b06ad65,4256,32101.24409999537,17583.05625600193,2.7463768040476424,2.0325740338319713,-0.7138027702156711
05948241,3879,96810.98729998428,71318.70443099314,4.995769989509691,4.287872200760229,-0.7078977887494622
41fb0192,2973,37630.160800015416,24249.428125013517,3.5577103110362645,2.855967729754387,-0.7017425812818776
177622d7,3154,302931.7724999666,261697.0083560165,9.800349606500166,9.108954536304193,-0.6913950701959735
eb934281,5971,58774.970100013845,35962.778618994496,3.1374200876783114,2.4541611916115196,-0.6832588960667918
bd6f0e19,5140,526217.5552999784,457556.54224403395,10.118149844909517,9.434976552050873,-0.683173292858644
f439a621,2821,124981.87090000958,100649.76312400948,6.65613263851673,5.973169453727099,-0.6829631847896307
94d813a4,4847,6539388.741900145,6300079.204511899,36.730942118502206,36.05259209035096,-0.6783500281512431
5f6756c5,5931,435989.4950000669,369868.9470500706,8.573813859683462,7.896960640842768,-0.6768532188406935
1770d7c6,7240,1101198.0593000806,985037.0786000673,12.332849608315879,11.664255017381373,-0.6685945909345055
3e678ea7,6858,717697.2380001147,627237.7318880163,10.229911981746914,9.563510686018438,-0.6664012957284768
a48640d9,4532,2119663.442000025,1992226.9856000494,21.626612771414322,20.966428560120775,-0.6601842112935472
a622ce4d,6298,1276393.4972997752,1160849.4744448243,14.236097814848375,13.576462563302137,-0.6596352515462378
2fe023be,4221,703431.0126999489,634095.221199961,12.90931147808348,12.256587330968157,-0.6527241471153218
b1efb8a4,5998,434039.64819991007,370763.6915078844,8.506706925766984,7.862223186592496,-0.644483739174488
cb34231f,5609,164705.74729998756,128115.10943598839,5.418906491757253,4.779224767745935,-0.639681724011318
5567d551,6889,729363.5754000476,641881.8767040035,10.289492216812466,9.652714573428918,-0.6367776433835477
e5ff9fd2,2354,186093.0832000061,160560.48350399837,8.891230852152741,8.258783936437032,-0.6324469157157093
a4719920,5884,305488.59620003053,254547.27500001594,7.205451003735877,6.577303679424353,-0.6281473243115245
ffefef30,4570,226211.4713000339,188208.2189600173,7.035568765607176,6.4174307721657495,-0.6181379934414268
4ddde4c1,4472,94006.52029998411,70532.94663198659,4.584881244279585,3.971413578584026,-0.6134676656955591
656a067b,3051,656337.2183000293,603048.1094040175,14.667037832749067,14.05901441777549,-0.6080234149735766
8648abae,4244,199595.17689998317,166283.23627598275,6.8578397678719245,6.259455359964552,-0.5983844079073721
8a3da6d1,4593,406895.5996999942,359100.52155197156,9.412246097229765,8.842189032776341,-0.5700570644534242
9d5e14d4,5400,4399443.638199918,4225849.596920089,28.543156532728414,27.974358619464127,-0.5687979132642873
9314ff13,2748,74015.14800000653,58744.19857199831,5.189815774469084,4.623534764242245,-0.566281010226839
7a5660b0,4998,904609.4244000082,830171.0642879908,13.453411559639394,12.888004233349928,-0.5654073262894652
39b51819,4231,42258.46739999232,28782.950775005134,3.1603512829465514,2.608231555042377,-0.5521197279041745
4e050c92,3705,169343.8495999938,143148.86858002606,6.760683545123176,6.215840384173206,-0.54484316094997
2d2d0c6b,5045,46806.41409999035,31616.548679998632,3.045945300727323,2.5033792297390196,-0.5425660709883036
e4726608,4733,186156.23210001356,155493.80227702524,6.271487164710907,5.731763855720559,-0.5397233089903475
cf50c9d1,4858,4841245.096900214,4677502.959913176,31.56819712560828,31.029750262963454,-0.5384468626448253
d085e611,6191,629510.8093999727,564827.3676040004,10.083729659420946,9.551629401801835,-0.5321002576191116
f9fc81aa,5598,417798.26050000085,368376.7226919891,8.639067487231838,8.112031769569752,-0.5270357176620859
d84b621b,3994,1901658.0644000117,1811407.8893360433,21.82037371732548,21.296297113350974,-0.5240766039745068
93f5d2e6,3691,1492048.8161999315,1415477.5349789425,20.10571368100563,19.583011003463778,-0.5227026775418508
2ac7cb6b,4990,1916233.3998999437,1817636.2529499813,19.596293256603055,19.085485639988956,-0.5108076166140982
052d64df,2445,133753.32189999666,115985.20959999689,7.3962717049147795,6.887504158824954,-0.5087675460898256
efde6ac3,4559,474539.33150009747,428816.03287105885,10.202375669006345,9.698413825161062,-0.5039618438452838
463c38f2,4460,177937.21600000106,150715.61529699378,6.316346789980795,5.813152230574063,-0.5031945594067322
b7cdcecb,6168,530531.8507000294,475356.43993210525,9.274351431311539,8.778847573009443,-0.4955038583020954
dc7da28f,4774,498953.30579997855,452256.83952598256,10.223244436669471,9.733104010730582,-0.49014042593888973
cda7eb37,5973,602402.595900001,545036.2925969686,10.042623008757838,9.552486960555713,-0.49013604820212464
1fee2b62,4641,317502.31800001697,281009.70072400424,8.271183690259376,7.781348601894868,-0.48983508836450795
940e709a,3348,72453.04740000208,58176.28858800187,4.6519560575408425,4.168504561968798,-0.48345149557204437
73348914,4221,482515.4828999885,440876.3352210028,10.691729206195715,10.219995813738697,-0.4717333924570184
764072a5,2949,119222.33720000679,102561.43667601068,6.358306065218297,5.8973195592917556,-0.46098650592654167
7e208414,4226,172120.95929999358,148737.74632498564,6.381931414565357,5.932610717904104,-0.4493206966612533
577eec7c,4539,1617138.951700143,1541419.4621560813,18.875287599886814,18.4280901309028,-0.44719746898401525
cad13e8f,4848,1404749.52590001,1332383.1287720865,17.022296131058066,16.578042811489805,-0.4442533195682614
109d9d70,4215,370153.7543999929,336014.09355894866,9.371137061320914,8.928529899076706,-0.44260716224420804
65156b96,3221,118942.75569999997,102519.83862399937,6.076781706471203,5.641681890138666,-0.4350998163325368
398dce4b,3166,65824.409400005,53876.882028001244,4.559718484677409,4.125207245238985,-0.4345112394384234
c8d9680c,6281,11489898.949399637,11257690.87722164,42.77043899776709,42.336042934125466,-0.4343960636416213
122bd617,4570,622400.369699997,577315.1200289858,11.670160284769418,11.23953556619492,-0.4306247185744976
4cecf7b3,6019,465784.58149999107,422608.78000099433,8.796914734080127,8.37928739326754,-0.41762734081258834
d463e527,4767,351842.4120999575,318510.89211594645,8.591154291112087,8.174092882044672,-0.41706140906741496
74b6186b,3405,276246.26740001,251614.3774800813,9.007196786463387,8.596252598155862,-0.4109441883075249
861e71df,4700,625859.2988999484,582578.146214903,11.539564677986593,11.133409049657729,-0.40615562832886454
ce8399b7,1615,18271.390199992496,14149.664427999087,3.363562739626084,2.9599665745747963,-0.4035961650512876
d40f61d5,4039,83728.36549999448,69555.34627100443,4.553018133859985,4.149811137402406,-0.4032069964575795
3b21ea64,7376,516610.04820002103,468179.6229839717,8.368949948322667,7.967018025459746,-0.40193192286292145
999daf80,3564,93487.45070000064,79814.4470239987,5.121625403452367,4.7322960588678615,-0.38932934458450585
da3bfe4e,5549,5063673.203300111,4934310.724109028,30.20824343453741,29.819879545273427,-0.3883638892639816
9b5b61c1,5532,163109.39800000555,140822.3485000019,5.429982209622746,5.045389576967256,-0.3845926326554894
529e88ca,3417,796295.3141000678,756960.6818330579,15.265625031718603,14.883811856506462,-0.381813175212141
f72b268f,6404,1071997.9125000052,1009744.3653238905,12.93812397222547,12.556831241403708,-0.3812927308217624
d011f41b,2267,267460.44359999313,249173.4229080144,10.86185548345431,10.483953813527991,-0.37790166992631846
febb4411,4247,720801.4048999458,679697.0038069006,13.027667980552959,12.650757976259271,-0.3769100042936877
c50b42f6,6014,445236.79420002294,407468.4400540166,8.604265674370385,8.23124022282926,-0.37302545154112465
807f0298,3747,293728.1763000066,269537.74036798574,8.853825493010934,8.481407795133192,-0.3724176978777418
be83e781,3221,32037.475299994017,24943.51179999433,3.1537973198868037,2.7828092386316343,-0.37098808125516936
14fee784,4910,2252749.795300072,2175469.9348999998,21.419815878785553,21.04920979935326,-0.3706060794322923
d6c320d9,5452,684629.6446000809,640221.4375481064,11.20598215508914,10.836453769166773,-0.3695283859223668
ed6436d6,2945,7705.420099997383,4615.425904999429,1.6175417954726792,1.2518815591062784,-0.36566023636640077
992ce078,2879,72692.03020000554,62558.795923991514,5.02484380821733,4.6614749868620455,-0.3633688213552846
2f8e53c3,2594,28129.886299993283,22573.978121000975,3.293055138227308,2.9499799485094695,-0.34307518971783857
7224331b,6063,114108.69609999881,97345.21499200889,4.338260107312621,4.00694628169286,-0.33131382561976075
91b301ce,6570,8193806.108200078,8041098.80953009,35.315076932980844,34.984447097835655,-0.3306298351451886
c99f9fae,6361,185846.32320006698,163954.9729710428,5.405231374009981,5.076911573252873,-0.3283198007571082
f053a1b9,4108,413128.0603999361,386930.32069997804,10.028295659116962,9.705125688520727,-0.32316997059623453
0dd99dc5,7342,497854.90640003316,459715.05834207905,8.234632190411654,7.9129272831732544,-0.3217049072383995
7b38844c,3749,204649.34109999947,187329.2228859825,7.388349907150671,7.068789442239007,-0.3195604649116639
fa31da94,5027,135318.9302999845,119492.62048199889,5.188297076747949,4.87546563974115,-0.31283143700679883
cb879f40,6315,488637.74840000283,454913.8142750051,8.79643766880234,8.487462825938927,-0.3089748428634138
a0383629,5832,413097.1773000544,383386.65433204506,8.416225361246278,8.107925282641462,-0.308300078604816
c6b782a4,4877,800032.1809000667,762814.4110630283,12.807882966584373,12.506421652222013,-0.3014613143623599
78a4a386,5119,176155.75799999433,159031.0111919978,5.866186376682608,5.573761038130119,-0.29242533855248887
c66be2b8,4154,2052195.240800071,2000780.1494390697,22.226756512262096,21.94655909915051,-0.28019741311158697
b85f7b06,3803,48465.192299995,41215.98493799672,3.5698651194143456,3.292074680633065,-0.2777904387812806
9bd2bba3,7439,1827404.7831999224,1763848.3554160162,15.673287472863077,15.398320078727549,-0.27496739413552795
33c40295,4169,315608.9038000178,296604.0366159998,8.700789781165115,8.434757110695646,-0.2660326704694693
c2717d4f,4721,337295.4549000328,316788.6993760395,8.452559650622256,8.191583078704548,-0.2609765719177073
c03b9305,4255,215530.03560002375,200158.4370150159,7.1171172090817905,6.858626739777097,-0.2584904693046939
f16e25e3,4651,40881.92090000429,34506.46457900091,2.9647800324346743,2.723811585759854,-0.2409684466748203
543198e8,6503,2736874.8672999837,2673008.1751240157,20.51495618405221,20.27417853093969,-0.24077765311252008
739a914f,5505,1009243.7527000303,974141.660407,13.540022100878758,13.302473327262302,-0.23754877361645654
516088b7,6645,269769.2405999982,250573.3773599961,6.371603205164532,6.140729551292852,-0.23087365387168024
14ad5efb,5842,231758.8987999945,215702.47958298255,6.298504340917485,6.07640611947743,-0.22209822144005464
5d11dfb5,5895,561356.8166000012,536375.7300950047,9.758377072411292,9.53877609444649,-0.21960097796480227
cdc60a53,5878,406490.89639999217,386135.317237995,8.315926094659538,8.10503644199682,-0.21088965266271842
9efc812e,4450,267072.81579996995,252734.03670996823,7.747022854046375,7.5361903872448615,-0.2108324668015138
8612b37f,5165,1987643.922100002,1945369.5261249149,19.617069448970486,19.407334499028853,-0.20973494994163389
c47e0767,4356,2009294.3361000344,1971993.6125159583,21.477209053938186,21.27692273073805,-0.20028632320013529
46a7190b,4215,746755.0064000258,724540.5444799521,13.31037471543342,13.11090157426799,-0.1994731411654307
6e9ccd38,8282,1240686.5337999663,1203369.5770180204,12.23949279951463,12.05401980694243,-0.18547299257220118
1b6ba517,6597,403244.9198999475,384761.5823919149,7.818279827064867,7.636996807335037,-0.18128301972982985
3407f5bf,3638,1649576.3003999118,1622060.0091719811,21.293882674661816,21.115536054857735,-0.17834661980408129
a5aa7973,4616,925504.9014000508,902630.1001559856,14.159778554983863,13.983697026518403,-0.17608152846545977
e7d0c1de,4711,221714.28290001056,212112.35102303643,6.860255388151551,6.7100603576098505,-0.1501950305417008
f0188a48,4170,150921.02979999167,143541.5934100032,6.015986492439642,5.86706438202535,-0.1489221104142917
000d7d20,3836,213161.56030002818,205121.98705600246,7.454442102844319,7.312515644502618,-0.14192645834170126
4c2208f5,5384,7523630.319200216,7467132.557504037,37.38188510729996,37.24126331697525,-0.14062179032470823
389ae58f,6463,16004721.4057004,15914751.069292687,49.76304894845995,49.62298065182989,-0.14006829663005504
72dd8501,5193,191466.84599999868,182903.6586869839,6.0720820352358595,5.934744616412905,-0.13733741882295458
ccedb12b,4401,495342.07789996424,482908.8260809292,10.609060511646556,10.475068876026237,-0.13399163562031902
5d7198fd,3368,601734.0599999662,589937.5969769924,13.36645546990557,13.234788213451944,-0.13166725645362654
95b559e7,2887,1199494.5984999842,1184052.2764719883,20.38335913388356,20.251726174547088,-0.13163295933647134
47ee27ab,6397,390305.35529999225,377411.3390319851,7.811133847911845,7.681027087523669,-0.13010676038817603
3ac16ad0,5649,445503.2973000086,432877.6044960012,8.880546118495223,8.753803052811612,-0.12674306568361082
974802e7,5843,1113566.0557999955,1093399.4792749851,13.805115639983029,13.6795398279698,-0.12557581201322954
ab112491,5185,4124500.03610004,4088707.99482508,28.2040369847515,28.081394283124496,-0.12264270162700441
1590af81,3799,117478.25199999259,112412.53449999128,5.560887269871239,5.43967211987816,-0.12121514999307959
5cb483ac,3852,143995.13040001338,138362.8262720129,6.114075023717169,5.9933076702886385,-0.12076735342853073
ecdab904,6147,1759469.0672001604,1734635.2010000872,16.918396989500764,16.798576098566635,-0.11982089093412895
82aab6d2,6140,1643245.0259001127,1620309.7139001114,16.359385167102737,16.244817333898972,-0.11456783320376474
97cd5bf9,3449,296634.3552000026,289472.77305997437,9.273936692075774,9.16130334596575,-0.11263334611002307
ebe69318,4976,115860.03539999956,110608.96256400019,4.82532580993508,4.714709880920995,-0.11061592901408535
511e1db0,3821,26765.28749999877,24647.218971003444,2.6466556350934147,2.5397761634090394,-0.10687947168437528
5a5d1982,3894,196664.58509999356,190856.82612600154,7.106652935637849,7.000932253682187,-0.10572068195566242
cd7f1687,4232,473102.780800032,463724.31796796556,10.573162838089827,10.467840727721121,-0.10532211036870542
357c12f9,4079,129035.53440001699,124261.59543901875,5.624420852755269,5.519396705696763,-0.10502414705850605
1b82b665,3806,141927.62720000846,137421.1340360142,6.106594455886377,6.008863964772362,-0.09773049111401466
00e12e8b,4301,270098.9717000083,263842.1788610013,7.924588942315889,7.8322653244023055,-0.09232361791358379
0849b4e2,5537,1175021.7229999802,1160772.9192921002,14.567522114617379,14.478926783572863,-0.088595331044516
5fffa282,4201,118815.64430002616,114897.27121603732,5.318148657346763,5.2297209530125786,-0.08842770433418412
9d3ec64c,3480,293771.4404999614,288163.63811996713,9.187876827833358,9.099760608824916,-0.0881162190084428
abf460d2,3217,224344.408899975,219800.7873519984,8.350877150110843,8.265879911003974,-0.08499723910686896
9a8ae0d6,6294,221866.91140001552,215998.53389999873,5.937216688673599,5.858170835560192,-0.07904585311340728
bd2c2f34,9823,315079.6360000137,306594.3387430149,5.663541608648027,5.586759725018206,-0.07678188362982041
09ec2ca9,5885,221343.34890001288,215947.254600005,6.13281698431714,6.057600246604624,-0.07521673771251614
d9d6d94d,4919,433324.1132000016,426486.7447160093,9.3857291463184,9.311386580310105,-0.07434256600829592
96936c22,3346,55694.08579999813,53849.36541600037,4.079825343764616,4.011689636622689,-0.06813570714192707
d7eb0be8,5401,5819866.130700062,5797319.252956049,32.82610912419109,32.762461225803996,-0.06364789838709584
9c211c53,7265,303791.11030003446,299248.4431450156,6.466506541772609,6.4179767652905575,-0.04852977648205137
5693dde2,3488,168859.2025999753,166782.44034800748,6.95783505375875,6.914916240529183,-0.04291881322956659
87695469,7003,348223.92319997476,344946.372322968,7.051593014629924,7.018329079669649,-0.03326393496027524
a0e92ed6,4897,322446.8719999936,320485.0825370098,8.114542367589692,8.089819983606901,-0.02472238398279103
d24ff243,5641,72482.41299999923,71500.5018160098,3.584579952704873,3.560217208625795,-0.024362744079077903
8a9c8932,4663,26790.19899999406,26399.217347998852,2.3969295087935425,2.3793745832147377,-0.01755492557880478
796dbd4c,6248,148031.52439999234,147058.92409999922,4.867507118040292,4.851490459961605,-0.01601665807868713
2e29e833,5428,100721.23119999924,100034.43091300386,4.3076518266215045,4.2929401461230805,-0.014711680498423974
2ab29395,1852,11202.606600000228,11083.039848002363,2.45945596628769,2.4462957239262315,-0.013160242361458518
8b9d8326,6163,267042.81370000576,266430.2363279755,6.582552988433189,6.574998697648793,-0.0075542907843964
e5c92e59,4295,255402.48479999328,255362.06092501263,7.71135994039849,7.7107496577971135,-0.0006102826013760776
9426ec1e,2532,369449.7521000107,369643.0061750048,12.079413246018728,12.08257212030042,0.0031588742816914817
b95e7121,6306,73777.33990000116,74001.38889199811,3.4204599760598935,3.425649710971175,0.005189734911281718
c9e6734f,4735,503348.31669999915,503877.6478150068,10.310371611471203,10.315791483003327,0.005419871532124532
d1457cc5,6920,455786.5860000001,456695.1603200114,8.115732473647405,8.1238174801548,0.008085006507394965
d9ae59b2,3648,92925.5926999983,93224.51526801888,5.047080771564144,5.0551919655062765,0.008111193942132111
347242c8,3595,18070.868599999027,18220.587755001412,2.242023016039388,2.2512915628531918,0.009268546813803624
084d66f9,3885,444215.20669994364,445133.3010799708,10.693040191903986,10.70408456036343,0.011044368459444343
ef04658e,4104,979387.0343999933,982179.3661560277,15.448044048107809,15.470050343821045,0.022006295713236312
a79fd2e7,4404,674359.5242999962,677702.935404053,12.374341369091134,12.40497885200991,0.03063748291877566
d60430e6,2511,154701.4770999762,156389.41577598895,7.849172504180856,7.891877261644342,0.04270475746348534
1d78281a,4949,698620.6686999481,704043.422199886,11.881246003992382,11.927268493832173,0.04602248983979074
44441e54,4357,58649.775299999055,60289.54558800369,3.6689297503451086,3.7198653973294764,0.05093564698436781
61f27424,6220,49288.71450000141,51124.69469999938,2.8150009994687166,2.8669503470769078,0.05194934760819114
b881d27e,4009,1414704.0503999079,1422642.860289011,18.785154458691416,18.837788483620024,0.052634024928607914
75cd5f11,4946,136847.38759999277,139657.82131398944,5.260066074409697,5.3138045376522,0.05373846324250309
77e4821c,5393,1991930.4005000903,2005142.1038719907,19.218605395377665,19.282234847887615,0.06362945250995011
9896fc0b,3595,899134.1276999662,906400.9412699449,15.814766850712996,15.87854581884828,0.06377896813528494
eb640a35,6037,600070.8230999983,607798.4669969941,9.969896905690025,10.033887149866633,0.06399024417660826
2be5c96a,4210,56452.775599997665,58523.83385000257,3.661858866244572,3.728424356601388,0.0665654903568158
54a7e3c2,6155,749877.1871999286,759176.7349600822,11.037762426443331,11.10599354408018,0.06823111763684864
94467f50,3035,184428.15090000068,187851.93420000083,7.795325573109472,7.867350298853911,0.07202472574443863
fae0c593,4403,529953.3647999928,537589.6800749644,10.970956276740981,11.04971607408792,0.0787597973469385
ab6fe95d,5491,244990.83519998752,251007.31487597784,6.6795806397720465,6.761101676487293,0.08152103671524635
877ed19c,3708,58205.83270000869,60723.194692004756,3.961990141908008,4.046759950647853,0.08476980873984452
1b1c5372,4261,1355122.6783000145,1368324.2909890532,17.833374900392585,17.92003078026657,0.08665587987398382
28473855,4290,88677.23619999908,92153.51889999655,4.546502439117813,4.634760698956952,0.08825825983913926
d3df146b,5787,792092.9627999145,804302.2902779565,11.699339296254342,11.789161346750351,0.089822050496009
be35c8f2,4226,92351.40789999846,96058.56471399612,4.674735185385168,4.767638303340595,0.09290311795542738
ea3a0e38,10052,856854.9431999957,874485.6257220105,9.232672132138228,9.32717440726817,0.09450227512994225
89fdb2f2,2031,5777.546000000928,6443.757274999365,1.6866180518953557,1.781207949739819,0.09458989784446326
e748dd88,4812,119816.00360000136,124543.32616699008,4.989931749983482,5.087417982676816,0.0974862326933339
9e3e364d,4290,72018.79139999617,76120.19272200557,4.097267023631261,4.212319392820796,0.11505236918953532
bb2cdd83,3825,34831.81490000422,37541.39910500358,3.0176740772658683,3.1328493203557084,0.11517524308984006
d273674e,3899,45082.149700000395,48255.739616002844,3.400366201632784,3.5180164886429095,0.1176502870101257
2ddad940,5331,311642.31150001974,321471.7453560068,7.645816438023014,7.765457779526344,0.11964134150333017
0dc835f3,4428,231450.24929999464,239228.11045200465,7.2297789729208715,7.350253184253572,0.12047421133270042
43e16325,3720,7795270.510499936,7837726.377059947,45.776662453735184,45.901151322794185,0.12448886905900025
84633df4,4972,111528.57000000456,117940.08121200268,4.736172446701271,4.87040583722842,0.13423339052714844
028d7b28,6234,340784.081499998,353302.0127140264,7.393605105422137,7.528174144736899,0.13456903931476205
91db7070,4073,6782563.949499959,6827560.356553051,40.80747690976155,40.94261419230385,0.13513728254230273
4f3eb9e9,4697,5139530.137700206,5187082.9648882095,33.07892812639342,33.23160500154886,0.1526768751554357
2d179ded,7008,420891.3099999784,440838.19712798053,7.749754286132607,7.931266852301548,0.18151256616894162
373ef48b,3509,95145.98109999078,102313.02365601451,5.207191387759596,5.399751523578707,0.1925601358191109
d924e971,3184,3419270.5224999036,3460537.5951248975,32.77028373023371,32.96744242090077,0.1971586906670595
5254b6db,3274,174179.10290002928,183996.3542660215,7.293881229520888,7.496616102142493,0.20273487262160472
1f9afacb,5328,33792.09190000432,39661.097668009796,2.518404175433652,2.728351097726299,0.2099469222926471
75d20a82,5067,1504378.1001000246,1544735.1076919737,17.230705080539593,17.460294168415288,0.22958908787569499
cdc31d65,4840,270974.6316999947,288464.7425200187,7.482412321764382,7.72011356219758,0.2377012404331973
df71d1ff,6228,1011267.8020999853,1050063.402068001,12.742621639442314,12.984746016204204,0.2421243767618897
a15bc102,3236,21522.22409999582,26047.58202400363,2.578928597930721,2.837131402195925,0.25820280426520403
98177ced,4772,159417.488200002,174159.70898798012,5.779865915399804,6.041205758241263,0.2613398428414593
9dfff011,4319,101424.89649999248,113049.74704399938,4.8459695911212535,5.116149132936935,0.2701795418156818
06df5958,3509,33471.45909999424,40103.08172499928,3.0884860085517194,3.3806264848873537,0.29214047633563434
b8c49c1a,4319,294457.72430002084,315909.9469909647,8.256954162110757,8.552440241233576,0.2954860791228189
c03d4aed,4641,734829.3141000891,771172.4918441293,12.583094329136486,12.89050645295555,0.3074121238190646
ab18d3fc,5694,1568639.939100041,1629028.3913341665,16.597890792722144,16.914360995659692,0.31647020293754835
5138a660,3559,106800.61979998699,119712.43575002118,5.4780109058052355,5.799701471569064,0.32169056576382804
0955cd6c,5195,334401.85399994365,362084.8457759346,8.023088122545198,8.348575873159492,0.32548775061429325
5beded95,3057,846891.9154001314,880403.4352570354,16.64432832796459,16.970441651450464,0.32611332348587396
3d96d897,5659,73719.6735000103,87894.1077239958,3.6092906343486293,3.9410326592051583,0.33174202485652904
230eaaa3,4690,3007450.510600014,3086846.836930046,25.322864048616943,25.654946849543233,0.3320828009262904
38991fd4,4798,1060354.0541999314,1109117.8640129245,14.86604108751415,15.204030366784552,0.3379892792704027
4630ab92,3373,399317.2334000252,424612.08251208055,10.880550178687447,11.219874610570686,0.3393244318832398
3df4b19e,4988,375157.9101000268,405829.2306439973,8.67249047497302,9.02003951208188,0.347549037108859
7d57c75d,4405,887988.2728999832,933193.1743250034,14.198113996829493,14.555020464847287,0.3569064680177938
4121c517,3723,468953.11500000063,499779.40987198416,11.223238561279206,11.58624377535332,0.36300521407411424
995ff498,4526,315088.8045000045,343217.6705639946,8.343710199277547,8.708182956957295,0.3644727576797475
c6797dd7,4664,158470.3897999876,178907.96548096818,5.82900989050451,6.1934918097795375,0.36448191927502727
833af382,3628,516564.1639000207,548850.9212159634,11.932419080398546,12.29967283400596,0.3672537536074145
e03b45fd,5342,1325457.2320000425,1388014.3930080151,15.751826431928547,16.1192578665545,0.36743143462595107
fd3b4faa,5022,278503.5849000037,306862.2489120076,7.446926041471428,7.8168787868904674,0.3699527454190399
9a6b0392,4255,206952.09109999053,229635.0108199854,6.9740511335011535,7.346310309491004,0.3722591759898508
00bbac68,6014,1401026.0417000223,1470476.3916860837,15.263052288602683,15.636779652449192,0.37372736384650906
13ce113d,2966,33905.114600001674,41916.53980000221,3.381014512965784,3.7593013349970033,0.3782868220312192
3932faa6,5452,943917.2776999872,999510.4624679623,13.157974615537267,13.53990909805917,0.38193448252190265
6dbe4b60,4648,351763.7758999962,383783.4544610047,8.699464045404161,9.086781059887855,0.3873170144836937
7987f2f2,3705,536232.9939999693,572696.1442210263,12.030471815010399,12.432773547738487,0.40230173272808756
da940160,5132,646615.405999965,694014.3443479795,11.224828130654686,11.62896061268619,0.4041324820315051
a85e4bc3,4581,425576.1229000222,462504.4467039919,9.638478456190704,10.047957984602364,0.40947952841166035
a3518960,4967,250434.14150003096,280570.67854702676,7.100675858286986,7.515780037801198,0.41510417951421186
f8f59188,4807,230473.49220003682,259269.12283204042,6.924261008500594,7.344095880109618,0.4198348716090248
3bfee975,3603,221491.25030000013,246305.40334698762,7.840543276658913,8.26808320771975,0.42753993106083676
45fb3e21,3649,2309842.4863,2389077.807480986,25.15963005414619,25.587521191895085,0.42789113774889387
9298ad5b,3964,679222.2871999877,724495.6813159748,13.089984763550598,13.519202635066373,0.4292178715157746
69c1bdad,2714,260118.6661000001,283441.57527400897,9.789958199101882,10.219434273640255,0.429476074538373
89f1085d,5994,4576088.750900205,4719949.952404151,27.630506752261244,28.061464166573057,0.43095741431181267
12203f2a,3261,617638.1921999756,657069.8973239793,13.762320645487467,14.194836224639433,0.4325155791519659
4b462989,3106,135503.442400007,154755.68988699612,6.605024585467643,7.05866526164234,0.4536406761746976
ac6f01d5,5004,1275030.9817000793,1349214.018535019,15.96252970103582,16.420325880608566,0.4577961795727461
e32da4ec,4689,552015.0022999763,599648.1109758976,10.850139553093255,11.30858114261634,0.4584415895230851
d4f60a28,4501,172077.95039998382,199055.32227595986,6.183126130423008,6.6501645357691395,0.4670384053461314
19871e7f,5293,151718.72259999608,180106.85625198449,5.353880109906093,5.8332981677668645,0.4794180578607712
c84c65be,8496,805728.3655999921,888942.1583839633,9.738388019795911,10.228913351851913,0.49052533205600213
a0b83014,5035,1545219.87059994,1635221.7983729863,17.51843897699374,18.021402912483225,0.5029639354894861
90386ee4,3840,395836.7512999915,436814.186659955,10.152954610245539,10.66553770058953,0.5125830903439912
08fecf00,5574,126283.2125000044,155062.23112401628,4.759806836739512,5.274357121338939,0.5145502845994274
5aa03df7,4871,211282.46990000256,245653.23110602086,6.58601427636249,7.101534081305902,0.5155198049434118
3ef6372a,4727,183432.05980000322,215367.83986300326,6.229379944022544,6.749904446792559,0.5205245027700149
0e5e560d,3253,344702.18510000076,380797.75169204234,10.293900986020363,10.819449299828777,0.5255483138084145
2d0c268a,4550,1006730.3211000813,1079962.235550051,14.87479113234156,15.406308366494802,0.5315172341532417
460f859e,3336,1336011.0954999956,1409203.9700469836,20.012069915332642,20.55293780490189,0.5408678895692489
153552f5,4695,125077.06239997772,153074.5055349641,5.161441840641978,5.709967473501767,0.5485256328597892
ab94878e,6004,222696.71589999588,265146.3803829798,6.090270250340663,6.645421154119545,0.5551509037788822
1e5e3573,5480,778863.3129000705,854061.1549769102,11.921759172625736,12.484012805412911,0.5622536327871757
dc7f9757,4360,419602.6187000934,469535.0014600441,9.810154572145091,10.377452196774524,0.5672976246294326
dd64382d,3124,56749.72870001257,72993.16674100688,4.262126959206316,4.833765638712969,0.5716386795066537
59f8b2e8,3747,145683.50130002433,174218.51812802258,6.235385931133263,6.8187585288750405,0.5833725977417776
f8afa78a,6032,1307172.2565997713,1413901.4625998207,14.720946843240096,15.310130954614673,0.5891841113745766
ecdaf714,6592,1553603.1496001014,1677522.7096002998,15.351875762973167,15.95238434791303,0.6005085849398633
18d24f7b,4558,258447.93780000825,301496.4304380087,7.530076271970659,8.133059076541898,0.6029828045712389
653612bc,4605,36965.495800014935,54392.1004600061,2.8332405605306503,3.4367908060453947,0.6035502455147443
53134831,5126,1541966.1562002336,1651547.9565960502,17.343954276390388,17.949662765784602,0.605708489394214
201661b5,5955,912110.8090000395,1004066.0563060293,12.376074593108253,12.984949346809778,0.6088747537015244
62569ae3,3588,239112.02910001957,276471.7119720227,8.163464251076302,8.778071898630781,0.6146076475544788
884ecb5f,6724,2670513.646200068,2838274.6894159764,19.928910115404566,20.545341282056846,0.6164311666522799
e730c32b,4728,642210.7458998635,712110.4675058327,11.654671854511827,12.272553976811624,0.6178821222997968
84815d5a,3647,1288500.04740008,1375237.4081731343,18.796385252137515,19.418735975212254,0.6223507230747387
8255c867,3589,2311751.254700124,2426604.453155147,25.379544413656884,26.00235995224008,0.6228155385831968
7bb17b96,3922,1134664.6128999365,1219808.7600249376,17.009046194531734,17.63567469460543,0.6266285000736964
fb0904bd,3181,10292.218400001737,18759.792500001702,1.7987576836953807,2.4284668565136047,0.629709172818224
4f4afcc6,5645,391155.45209999883,453224.2251000085,8.324204115356522,8.96034196309836,0.6361378477418373
3a0af893,2927,1022422.6241000681,1093743.3839119978,18.6897660134781,19.330645579705433,0.6408795662273334
f88ddb26,4990,13184962.892499598,13518130.278399449,51.40308485650886,52.04847878629908,0.6453939297902167
7e721392,6174,10042975.543799978,10370444.279064361,40.331826473951956,40.98409679771711,0.6522703237651513
73b1447d,5670,1018841.3883999725,1120442.7498699913,13.404843871674935,14.057345076306362,0.6525012046314274
62a6f539,3693,228438.96640000326,267938.0350360233,7.864940463331049,8.517801798465232,0.6528613351341832
bffe3082,5723,1576824.308499834,1703458.185267813,16.598918029974968,17.252572684788067,0.6536546548130993
c3957531,5316,833115.0537000096,925309.2506760053,12.518722274768233,13.193224903246014,0.6745026284777804
c07fd0cd,4191,68842.52649999954,94149.16375599233,4.052934357090802,4.7396841669444845,0.6867498098536826
9f0c7bae,2542,158576.27620000584,187684.2323500105,7.898258335635161,8.592630191472217,0.6943718558370566
22c5f93f,5172,260076.9984000081,313921.82843204105,7.091232323797548,7.790790024740626,0.6995577009430782
d6dd7330,6193,865653.6983000865,975843.239225056,11.822832979899944,12.552767610576458,0.7299346306765138
fba7683c,407,2657.5503999997018,4405.9754319996155,2.555309739035002,3.290211613546387,0.7349018745113849
f2d4c8c9,6249,111789.04610002584,154117.69970000314,4.229551942410153,4.966163307471869,0.7366113650617159
726f3dc2,6723,323000.3441000193,395643.8256360185,6.931383638655226,7.671329564251454,0.7399459255962277
9def2eb2,6003,315845.5005000262,385720.2496680448,7.253592864593499,8.015895519997358,0.7623026554038583
e97032ad,3530,504864.6292000219,571428.2374030346,11.959144677460708,12.72311627116505,0.7639715937043423
b585b4fa,4294,427154.41740004974,496446.02420406375,9.973817813617734,10.752389756191011,0.7785719425732776
cbe51de1,3963,894316.5565999807,989958.9295040034,15.022202061672788,15.80507468966855,0.7828726279957614
dd168de0,3304,29564.91160000072,47327.452395998145,2.9913571830542716,3.784744306568296,0.7933871235140244
76201745,4448,276322.9202999927,336275.42155196844,7.881811891978768,8.694911653275511,0.8130997612967432
fb73b13a,5640,561513.7446999728,660958.2981999422,9.977934385041513,10.82548787002707,0.847553484985557
198a5607,6251,618224.2982000187,730209.8654240292,9.944851115115334,10.808093637906314,0.8632425227909799
f6bc699b,3752,423338.9858000023,496620.1624369953,10.622157035929634,11.504844655314091,0.8826876193844573
67a8da4a,4911,1030675.5167999867,1161966.1319960887,14.48691836331104,15.381963193666902,0.8950448303558627
8478df29,4857,957832.0871998753,1084663.2968248795,14.043024034272376,14.943881688596408,0.9008576543240316
a87433c9,5721,525092.0834999925,629093.3549359298,9.580358514748033,10.486283021602409,0.905924506854376
5b7b6324,6564,2050218.9621000227,2266645.6941000894,17.673226229685234,18.582645142787285,0.9094189131020514
7cbbd047,5121,804347.9801999781,925760.8683000361,12.532698729088265,13.445347206800967,0.9126484777127022
19fb4f7b,5620,691178.2170999651,809647.6905400264,11.089880426882702,12.002725747220671,0.9128453203379685
a959858c,4404,18812805.95959987,19343562.414431017,65.3586589908809,66.27421226442101,0.9155532735401124
57796579,5890,966990.6111000875,1111115.3711011112,12.813078334954168,13.734787053288084,0.9217087183339157
722cf0d8,5143,636789.040600001,747377.5180629867,11.127293106426961,12.05484838730328,0.9275552808763194
63559d57,4069,141364.52879998536,189706.12215899827,5.894220519880757,6.828052133286111,0.9338316134053537
d0a43760,4041,72968.34209999148,108854.53799097346,4.249353040412356,5.190137268690292,0.940784228277936
591cc951,4609,1040068.4514000689,1175206.7463541008,15.021994805073081,15.968119860788274,0.9461250557151928
ed6e6e54,6048,863949.26959999,1007037.2971880157,11.951935194527213,12.903778113964163,0.9518429194369507
1619e2ca,4443,271166.40310002316,341576.79592301365,7.812315673810556,8.768110686248498,0.9557950124379424
edf885a3,3117,470706.65300003963,547125.5383729573,12.288723348140039,13.248755710280696,0.960032362140657
8cc21f01,4044,131039.68269997947,179421.86838396636,5.692405675014437,6.660887734860202,0.9684820598457646
2acc78d4,4266,792086.4101999676,908781.1804499128,13.626234402591441,14.59550872459251,0.969274322001068
a3f71395,5543,1262084.85539993,1431304.7972068554,15.089395383508826,16.06917661752547,0.9797812340166452
512943b2,5029,81796.26750001505,126766.61034603049,4.032978673574936,5.0206693546525605,0.9876906810776243
137d1e44,4554,2848566.7522000317,3079383.1636837916,25.010172511867026,26.00371229402951,0.9935397821624825
f074d277,2453,364369.8696999838,426202.1355879705,12.187719616802816,13.181324043576712,0.9936044267738957
ae35f33a,4450,115525.50370002085,165425.80666000416,5.0951729458693835,6.097076231709903,1.0019032858405197
698930d1,4741,511719.35760004004,615818.4174960447,10.389172214568049,11.397021276047663,1.0078490614796145
c9e980e8,4359,413675.1992000178,504371.46740905754,9.741734918381256,10.756768463154469,1.0150335447732122
3a824aa7,4201,136018.28240001417,188951.9807210024,5.690131490731758,6.706553349118021,1.0164218583862628
9283ae69,3371,128466.92229999304,174434.53142799373,6.173284378497139,7.193443804384164,1.0201594258870248
aaeffccb,2712,61347.45250000096,90658.3440880048,4.756126793123975,5.7817465313522804,1.0256197382283059
5a5269a9,6513,223890.89289999523,309736.03633301635,5.863105043604518,6.896128241842032,1.0330231982375135
113011eb,3272,87724.80140000148,126249.81823200965,5.177910618587731,6.2116751180836145,1.0337644994958834
203721ab,5730,577258.2439999591,703596.9736399876,10.037088673521446,11.081145832285028,1.0440571587635823
a2e8e7f6,4760,544812.5200000028,656698.9357599886,10.698430341162505,11.745720978046228,1.047290636883723
071d7b45,3211,940663.580699953,1059885.222176933,17.11579247751261,18.16808970984719,1.0522972323345812
4b831d20,7312,1967433.2717999844,2227960.7655120227,16.403325934797266,17.45563603593522,1.0523101011379552
4f4ac5ce,5162,351390.7614999971,446749.9440820292,8.250612102027125,9.30300497712554,1.0523928750984144
404c4384,911,11814.231599996776,19839.51411899982,3.6011694039210935,4.66666179330411,1.0654923893830164
e3b34f5b,5455,584019.69690004,712267.5690750582,10.347045761247115,11.426788993626714,1.0797432323795988
a8ed028a,5538,2008598.1775999607,2243198.915600123,19.044521110452333,20.125997641762332,1.081476531309999
2fd68f7b,4730,17450701.84590049,18082899.335160244,60.74015262396321,61.83060015280351,1.0904475288403006
0be01c24,4738,324309.65619996784,416478.04537297087,8.273369324203173,9.375588293042945,1.1022189688397717
c36625df,4742,303731.2183999466,393652.6084880069,8.003204999077816,9.11120444819664,1.1079994491188234
261785ee,3646,2027053.9893002221,2224410.983424253,23.57894263400833,24.700126828389415,1.1211841943810832
e25f1537,3177,537330.1391000081,634919.133331985,13.005049007414012,14.136783271855458,1.1317342644414463
46d41ff6,7901,404226.1706000016,543816.3529639669,7.152719312990992,8.296312465608905,1.143593152617913
5663b2b7,4972,1318433.7884000535,1510459.1851880744,16.28409405856329,17.429660876676866,1.1455668181135756
54753541,4026,1059556.7912999997,1215401.679299969,16.22277834812335,17.37492868676977,1.1521503386464218
9af1ffd0,3525,1158407.8343000326,1311511.604248014,18.128053838502368,19.288857653420138,1.1608038149177702
fc0d20b2,3954,562949.6545000818,677889.9830441085,11.932087953866953,13.093666520302607,1.1615785664356544
ea41324e,5025,140845.08250000805,209435.1110800335,5.294230079936561,6.455898781010545,1.1616687010739835
bd8f847e,4961,270911.7039999662,363105.6148809686,7.389741905257485,8.555233529129975,1.16549162387249
0d99f8e4,5823,508334.0927999993,643090.282647011,9.343320012239094,10.509028711838996,1.165708699599902
0390d174,4411,320002.1529999825,414530.2189960052,8.517417217402954,9.694146286683216,1.1767290692802614
01982c1d,3941,158137.36869999464,223917.0397090088,6.33452473981023,7.537726137791509,1.203201397981279
10a1281a,5609,72337.09419999162,129952.95028898606,3.591185257385085,4.813382246610526,1.2221969892254405
e14d641e,3184,148121.57840000375,208196.35250003188,6.820600870242808,8.08630333740844,1.2657024671656316
6e6d122c,5632,468131.06089997344,612391.5643999231,9.117009469419138,10.427573910370347,1.3105644409512092
eeed308d,3899,366110.8290000213,471925.75431602646,9.69013148078532,11.001710728919289,1.3115792481339685
6d590e26,6096,453978.08209999953,603706.1991399735,8.629685403348205,9.951541043992037,1.3218556406438324
b0d42b0d,4971,1948288.161699999,2217720.1449161894,19.797243019186585,21.121827388228105,1.3245843690415207
6ea22614,5971,250362.52319999755,363912.7658119637,6.4753183432909225,7.806836963090362,1.3315186197994393
521a7819,5200,3344764.9174001706,3707544.7904401547,25.361861575542044,26.701861035833307,1.3399994602912635
204cc64b,4805,178494.0411999963,266771.5465000083,6.09488008126444,7.451145726173662,1.3562656449092216
c6c96179,4004,308145.2434000039,411019.17802395136,8.772647918302802,10.13173935529454,1.3590914369917382
cbb406b5,6328,817328.7061000718,1024911.2846920931,11.364887497962812,12.726526970519782,1.3616394725569698
89f36adf,5292,106116.43979999892,180880.38546301008,4.477972454313123,5.84636357223098,1.3683911179178567
ff8bb73a,5927,576438.5424000573,748272.2250570433,9.861864748200674,11.23601599848956,1.374151250288886
f021b650,3739,167067.72860001284,243051.80746406098,6.684494210561717,8.06253652247645,1.378042311914732
708caea9,6548,7983053.497899908,8628127.58949994,34.916458237909005,36.2997759061104,1.3833176682013928
eac10e86,6067,191457.49839995097,297463.2128319474,5.617579051148656,7.002121377110201,1.3845423259615446
dafc88c3,5572,263543.3259999213,380339.8009719327,6.877339398362787,8.26190759982652,1.3845682014637326
8902c3f6,4959,386826.81919997104,518063.2832959508,8.832044207317482,10.221022696377355,1.3889784890598733
20096916,5133,561303.7489999586,720971.739124949,10.457150039432173,11.851504577439298,1.394354538007125
e7818f7a,5371,214030.80360003264,319140.6766559945,6.312633342217896,7.70838689812692,1.3957535559090246
a9c9b150,3986,5391.634599999213,26233.639353984076,1.1630317709118394,2.565432691697587,1.4024009207857477
e46f4ef4,7195,174629.14619999775,291734.75403596024,4.926550809338883,6.367642686999059,1.4410918776601767
1beca81d,5036,334895.3758999607,464356.464931967,8.154769966888065,9.602468417469138,1.4476984505810737
276b012a,4837,3548842.6073998804,3940565.8976369663,27.086651844888358,28.54245030530558,1.4557984604172205
3c3dbcbc,5069,348655.98280000035,482146.2846610206,8.29349171896155,9.75277638423196,1.4592846652704115
353e5502,6062,192786.07490001296,306542.19130001124,5.639360585146688,7.111106170166514,1.4717455850198258
1a68190b,4474,1208001.9697999794,1437328.05760391,16.431826147748733,17.923794740008734,1.491968592260001
bc4381e2,4955,786452.3999000158,984853.5170750668,12.598370947658928,14.098210498798393,1.4998395511394644
26623a50,5735,2694428.9495000867,3085117.55069616,21.675376849132046,23.193652555514817,1.51827570638277
5305524b,4898,1355374.6622998943,1615609.8954479182,16.63490369332069,18.16179887096718,1.5268951776464874
d217e0c5,3838,103924.81100000456,174629.85159499827,5.20363871867946,6.745385228813545,1.541746510134085
16e4a047,4131,474321.20359999844,620937.8869940266,10.715407020528389,12.260169719767283,1.5447626992388948
e45a2a62,5007,1977429.3804999888,2300942.712068111,19.872920518687707,21.437004901869905,1.5640843831821982
7cd4bb31,6439,225235.49449998367,361459.64750001224,5.9143797077311655,7.4923955598558365,1.578015852124671
e6c55748,4472,394902.4429000075,539330.3387679794,9.397103554297912,10.981875810879341,1.584772256581429
4a335117,5015,3138070.684300164,3551934.395206197,25.01473417971471,26.61319396019483,1.5984597804801197
d90aa14c,10018,1441234.5738999103,1851778.311387841,11.994352891576654,13.595775444633178,1.6014225530565245
bb682ebd,4139,1634184.2901001156,1909335.3048042092,19.87022580202752,21.477977758224817,1.6077519561972977
374be387,9965,449034.6811999927,690538.1648449688,6.712762639770747,8.324443147894382,1.6116805081236345
4caa7289,5396,505602.8234999849,689839.3442999846,9.679853283039389,11.30675572554133,1.6269024425019403
1bcb2fcf,4524,174250.71569998868,277843.173005987,6.2062031463178995,7.836796453177679,1.6305933068597795
044af7d1,4519,440060.754399964,597890.9570439488,9.868136513863366,11.502435900881794,1.6342993870184284
37344c2a,5197,910925.3524000633,1151610.7555000426,13.239300394199656,14.885948006323224,1.6466476121235676
015fe0d2,4296,2303295.742199914,2645539.155335823,23.154889673287215,24.815610303657163,1.6607206303699478
5a63b5d1,6217,2351724.178500294,2772487.019217341,19.44924550712061,21.117588701181074,1.668343194060462
67847288,7429,975882.1253000521,1282929.2889410798,11.461290028070946,13.141234974760797,1.6799449466898508
5bd25f59,4210,79239.88279998522,152581.93960997526,4.338412715856817,6.020194432075606,1.6817817162187882
8c167025,5368,885288.1180999511,1132738.4599519114,12.842100494100917,14.526419094357065,1.684318600256148
77b0d905,4174,710664.5653000636,908887.6247739331,13.048365351893999,14.756347458459695,1.7079821065656962
95c8427f,6335,4692294.147200004,5300470.500551024,27.215687207592826,28.925701575074445,1.7100143674816195
29de15c8,3431,72151.17269999931,136164.53588403415,4.5857601721794286,6.299725787429472,1.7139656152500438
9ffce529,5212,640422.0105000018,854416.8878280069,11.084878093703347,12.80361799995297,1.7187399062496223
7256229b,5415,239133.12040002327,379904.19677498983,6.6453924693055635,8.3760221109729,1.7306296416673357
b5aa9634,7326,965271.4548000566,1279528.4275501783,11.478662175527822,13.215740804676987,1.737078629149165
d0cb63ae,5223,2076140.2783000576,2454478.1873919964,19.937391369771746,21.678018149205265,1.7406267794335193
3aaa2b30,4711,1446081.6859999434,1749075.4928360223,17.52023232899041,19.268491920838596,1.7482595918481856
c9fedcf3,3517,196341.86790004146,299109.30070009007,7.471714606706554,9.222077648239228,1.7503630415326743
f5d8aab6,4444,1095198.9519998669,1354383.5552957836,15.698547978741031,17.457570753664818,1.7590227749237872
ad2133a8,5729,4519876.894999718,5105571.885055958,28.088198915386187,29.852642942232166,1.764444026845979
a056d01e,6557,483176.68759999826,702400.8389119544,8.584211201864289,10.3499897326327,1.7657785307684115
fdfd57da,5236,96598.53909996517,193468.65166896806,4.29522046585047,6.078626842572817,1.783406376722347
d9eca87b,6373,4456313.436400115,5077862.009317074,26.443315428754445,28.227244700344883,1.7839292715904378
f631da6e,4093,315714.3354999913,462721.4462319791,8.782664213746434,10.63258692755647,1.8499227138100363
7ff89f8f,7337,1470186.2402000793,1891658.104028097,14.155555516103231,16.05691332695106,1.9013578108478306
ba48188d,4166,10809097.666600233,11644971.747214103,50.93720227649117,52.87003364671365,1.9328313702224804
fa16d114,5686,2463568.4378000414,2944608.717595909,20.815118518803075,22.75675684253218,1.941638323729105
f321a31c,5141,810660.2273999886,1081605.4406609307,12.557281531880928,14.50476275274128,1.947481220860352
05a0ee4d,4348,1463224.932399984,1802459.267500054,18.344706956532814,20.360477635925683,2.015770679392869
ddc790ff,4726,154887.72189996095,285289.1619118942,5.724817380990974,7.769548426870719,2.044731045879745
4cd1ac61,4489,975920.150500125,1270996.9331239634,14.744577751415134,16.82664175727864,2.082064005863506
9b9e3b49,5118,321335.4906999939,513614.01304297074,7.923721572593473,10.017706218229304,2.093984645635831
bd4ae5da,5006,988539.0036998662,1306029.7055499055,14.052431666337636,16.15217848051406,2.0997468141764237
ae8959c3,4518,1765517.8814001314,2169396.3568999856,19.76800976672305,21.912722552718506,2.1447127859954556
4936af16,3991,104901.02009999834,211421.74895098194,5.12683088404085,7.2783672726508915,2.151536388610041
5aef5c6c,3121,372594.75460000837,533803.7214249683,10.926258823623487,13.078077729003592,2.1518189053801056
9719aa04,4871,243928.72190002454,416315.2328240328,7.07656345543121,9.244897196202345,2.1683337407711347
fef8af96,3826,7594062.456999759,8355549.424999729,44.55173272632465,46.73207052246012,2.1803377961354684
f40cd091,5166,308584.5097000032,507882.6702940314,7.728760684292187,9.915268890002888,2.1865082057107017
f56d3ace,5432,258853.5483999773,448883.82557194965,6.903147939364321,9.090485906454871,2.18733796709055
b4d8dd4f,4259,1245143.8900999867,1585565.249575966,17.098418824477594,19.29470928591027,2.1962904614326746
367456ce,5569,887277.6045000115,1224132.0319560256,12.622377103894497,14.82605210920675,2.2036750053122525
b3388334,6080,1231175.2810000242,1653343.6661200246,14.23010661853958,16.490346389111988,2.260239770572408
c59b6c4a,5499,2414124.7356998096,2966263.578315863,20.952603428128082,23.225389700390775,2.2727862722626924
10b89021,5414,1173309.6033999857,1568037.6974439276,14.721334704882,17.01841555324987,2.2970808483678695
6767c111,6783,2071399.387699907,2652252.549331977,17.475154063370617,19.77409103595889,2.2989369725882725
283269ac,2626,3270.271200001702,31064.317986010938,1.1159494538507433,3.439406840698807,2.3234573868480637
5fb1c15f,2860,956852.1800998587,1220449.1887799546,18.291082508578185,20.65745593211799,2.3663734235398053
bf70b410,6347,2272079.92280008,2878019.0027631223,18.920279724233612,21.294261322457814,2.3739815982242014
2075c696,3188,1528840.468599974,1889905.9548999977,21.898881254260402,24.34786809886748,2.4489868446070773
be063506,4500,422173.6146000532,665469.9811200354,9.685884513043288,12.160683287820406,2.4747987747771187
811f52b3,4836,102254.18389999264,244974.62873598296,4.5983010109992755,7.117335003707541,2.5190339927082652
c908edd0,5293,406638.5474000189,676880.0093690761,8.765028360555872,11.308497257160399,2.5434688966045265
cc8a1d57,6638,5040230.256000102,6067941.373248153,27.55539015081038,30.234449396135183,2.6790592453248046
df8290be,3972,672272.6736000384,978587.7640680067,13.009724784668556,15.696226992805288,2.686502208136732
3bbe1f5d,6918,773322.8422999354,1218927.3127877885,10.572803005133604,13.273902563774964,2.70109955864136
e5864244,4469,3211259.7789998446,3891399.859068981,26.8060326709997,29.508542020106294,2.7025093491065952
86454a6f,7964,39317816.369199626,42470394.214756265,70.26338513734781,73.02600127849534,2.7626161411475323
bf39bc20,3303,233160.02850000045,414882.7827510149,8.401808199266226,11.207491530651813,2.8056833313855876
75c20ec7,5361,655120.7035999605,1033638.9761360384,11.054465755153933,13.885500390150849,2.831034634996916
47222616,4406,713783.8888000025,1072823.7606939396,12.72802806095558,15.60421571392618,2.8761876529706
2b547943,3480,521489.38989995554,799835.7597999326,12.241457142013664,15.16040441450936,2.9189472724956964
8b12bab6,5234,1308478.167400092,1841301.3396760083,15.811256392108719,18.75623111174006,2.9449747196313414
aed44918,2719,244806.55419998243,420398.2342760416,9.488704385906805,12.434428741315566,2.9457243554087604
85380836,6618,1328033.2946001536,1941311.016368115,14.165799813132578,17.127113592232234,2.9613137790996564
ee0300f7,4544,2996669.8281001747,3733838.750928216,25.680311432467565,28.66544036980974,2.985128937342175
da2d4d7c,2114,27051.415700003865,92050.02074599934,3.577194115348713,6.598716251759811,3.021522136411098
5f4d2a52,5225,16925383.28920011,18844007.190114815,56.914917258531396,60.05421345028192,3.1392961917505247
729f4217,6195,1636211.8507999862,2330782.8011998213,16.25171177822061,19.3968071110084,3.1450953327877897
4654e7de,5373,148782.740300002,381707.0537330053,5.262206132576318,8.428623845664042,3.166417713087724
200d233d,3926,640849.4313000848,1001481.8858609726,12.776233899276743,15.971525588154853,3.1952916888781093
729665c0,4263,319891.8282000081,614355.0557279595,8.662513145164612,12.00472047009365,3.3422073249290385
25939962,4319,532111.5761000003,900986.4058159766,11.099661933822553,14.443336088138981,3.343674154316428
c2c6fc71,7119,985790.5084999293,1633947.624958942,11.767462410523246,15.149893129285102,3.3824307187618565
e161bd0c,2949,55418.19220000153,175938.77350899455,4.33499689746737,7.7240200737719515,3.3890231763045815
4a8ecc0b,5809,730230.8550000413,1240880.478084033,11.211904800768597,14.615520547763094,3.4036157469944968
a247e7cf,5674,100144.90760001083,332066.1340340519,4.201165296490172,7.6501090741456546,3.448943777655483
44a94013,4903,2653253.4865001487,3517691.355061135,23.26260921867206,26.78538660467928,3.5227773860072205
4c3168cf,4334,83851.48660002631,276584.9060140078,4.398564145674671,7.988583599815624,3.590019454140953
a76db406,4672,64109.1275999681,251512.18345196292,3.7043201708377427,7.337161806573999,3.632841635736256
f6824bb0,5015,2177504.072800081,3004472.53918019,20.837423542758717,24.47646249333174,3.639038950573024
ab3ced07,4250,407963.81209996,768081.4321700003,9.797524442428841,13.443401461814991,3.64587701938615
8f201368,6349,6172248.778699456,7721194.430315137,31.179492905922075,34.873021763580496,3.6935288576584213
155887bb,5585,776774.3675998595,1341042.7934399433,11.793313793912793,15.4956475446238,3.7023337507110075
70925e23,5947,1299957.1081998474,2057682.6280518495,14.784803005082047,18.60116847535038,3.816365470268334
5f75f796,5562,474861.56760005985,949437.6211080651,9.239915906257119,13.065250051916555,3.8253341456594363
49dbc14c,3872,115956.096600007,337778.30100400565,5.472416193779097,9.340028450580121,3.8676122568010243
1aaf1da0,4804,414444.19379989564,841021.8258837577,9.288199403984146,13.23128834366059,3.9430889396764446
3e011332,2723,826450.3512999216,1243517.313066908,17.42146062278745,21.369880687831614,3.9484200650441643
09053135,5907,1038857.0287001376,1802152.4950721143,13.261553626472297,17.46675720013759,4.205203573665292
ae0784a8,7823,925596.1520999304,1792118.376587794,10.87737509844777,15.13549683016794,4.25812173172017
e149204f,6097,126009.78499999728,489308.48159304727,4.546152895643239,8.9584582572505,4.412305361607261
b0f53bf4,2755,234773.98400002433,513664.53122000775,9.231328022549082,13.654600166463753,4.423272143914671
11d0f5ac,4883,2399865.8765999833,3456042.364191083,22.169205194123972,26.60395267261799,4.4347474784940175
1fdbba44,4911,167224.3625999826,541114.6292309327,5.835321753197851,10.496866422397806,4.661544669199955
37d36812,4367,2086109.0063001136,3095140.388348257,21.856313079076383,26.622484339273033,4.76617126019665
ff0aea78,3261,3073016.773199971,4171571.5277758907,30.697786830378174,35.766335651754545,5.068548821376371
60e37807,2699,1176048.9453999007,1838563.4550758551,20.874268055180604,26.09984146965191,5.225573414471306
46dfcfca,3606,1958823.6629001023,3010621.124885035,23.30691593186792,28.89450049524907,5.587584563381149
f5859199,5790,1467744.7051998924,2789720.762389613,15.9215732530795,21.950331601311458,6.028758348231957
e737965a,5955,583298.5492999892,1714959.0572238977,9.897022674368223,16.97016227365765,7.073139599289426
